,"Item","Description","Price","UPC / GTIN","Gross Wt (lbs)","Pack/Unit","Case Cube","Unique Instructions"
,"1/2 Sheet",,0.00,,,,,
,"1/2 Sheet:48-cut",,0.00,,,,,
,"1/2 Sheet:48-cut:6101-1","New York ""Signature"" Cheesecake, 1/2 sheet, 48 piece pre-cut",0.00,"00603812061018","7","1 / 112 oz",,
,"1/2 Sheet:48-cut:6101-2","New York ""Signature"" Cheesecake, 1/2 sheet, 48 piece pre-cut (2X48/cs)",53.14,"10603812061015","14.5","2 / 112 oz",".66",
,"1/2 Sheet:48-cut:6103-1","White Chocolate Raspberry Cheesecake, 1/2 sheet, 48 piece pre-cut",0.00,"00603812061032","7","1 / 112 oz",,
,"1/2 Sheet:48-cut:6103-2","White Chocolate Raspberry Cheesecake, 1/2 sheet, 48 piece pre-cut (2X48/cs)",53.14,"10603812061039","14.5","2 / 112 oz",".66",
,"1/2 Sheet:48-cut:6108-1","Pumpkin Cheesecake, 1/2 sheet, 48 piece pre-cut",0.00,"00603812061087","7","1 / 112 oz",,
,"1/2 Sheet:48-cut:6108-2","Pumpkin Cheesecake, 1/2 sheet, 48 piece pre-cut (2X48/cs)",53.14,"10603812061084","14.5","2 / 112 oz",".66",
,"1/2 Sheet:48-cut:6109-1","Very Berry Cheesecake, 1/2 sheet, 48 piece pre-cut",0.00,"00603812061094","7","1 / 112 oz",,
,"1/2 Sheet:48-cut:6109-2","Very Berry Cheesecake, 1/2 Sheet, 48 piece pre-cut (2X48/cs)",53.14,"10603812061091","14.5","2 / 112 oz",".66",
,"1/2 Sheet:48-cut:6110-1","Cajeta Swirl Cheesecake, 1/2 sheet, 48 piece pre-cut",0.00,"603812061100","7","1 / 112 oz",,
,"1/2 Sheet:48-cut:6110-2","Cajeta Swirl Cheesecake, 1/2 sheet,48 piece pre-cut (2X48/cs)",53.14,"10603812061107","14.5","2 / 112 oz",".66",
,"1/2 Sheet:48-cut:6112-1","Key Lime Cheesecake, 1/2 sheet, 48 piece pre-cut",0.00,"603812061124","7","1 / 112 oz",,
,"1/2 Sheet:48-cut:6112-2","Key Lime Cheesecake, 1/2 sheet, 48 piece pre-cut (2X48/cs)",53.14,"10603812061127","14.5","2 / 112 oz",".66",
,"1/2 Sheet:48-cut:6117-1","Chocolate Truffle Cheesecake, 1/2 sheet, 48 piece pre-cut",0.00,"00603812061179","7","1 / 112 oz",,
,"1/2 Sheet:48-cut:6117-2","Chocolate Truffle Cheesecake, 1/2 Sheet, 48 piece pre-cut (2X48/cs)",53.14,"10603812061176","14.5","2 / 112 oz",".66",
,"1/2 Sheet:48-cut:6118-1","Egg Nog Cheesecake, 1/2 sheet, 48 piece pre-cut",0.00,"00603812061186","7","1 / 112 oz",,
,"1/2 Sheet:48-cut:6118-2","Egg Nog Cheesecake, 1/2 sheet, 48 piece pre-cut (2X48/cs)",53.14,"10603812061183","14.5","2 / 112 oz",".66",
,"1/2 Sheet:48-cut:6121-1","Strawberry Swirl Cheesecake, 1/2 sheet, 48 piece pre-cut",0.00,"00603812061216","7","1 / 112 oz",,
,"1/2 Sheet:48-cut:6121-2","Strawberry Swirl Cheesecake, 1/2 sheet, 48 piece pre-cut (2X48/cs)",53.14,"10603812061213","14.5","2 / 112 oz",".66",
,"1/2 Sheet:48-cut:6130-1","""No Sugar Added"" New York Cheesecake, 1/2 sheet, 48 piece pre-cut",0.00,"00603812061308","7","1 / 112 oz",,
,"1/2 Sheet:48-cut:6130-2","""No Sugar Added"" New York Cheesecake, 1/2 sheet, 48 piece pre-cut (2X48/cs)",55.52,"10603812061305","14.5","2 / 112 oz",".66",
,"1/2 Sheet:48-cut:6132-1","Lemon Cheesecake, 1/2 sheet, 48 piece pre-cut",0.00,"00603812261322","7","1 / 112 oz",,
,"1/2 Sheet:48-cut:6132-2","Lemon Cheesecake, 1/2 sheet, 48 piece pre-cut (2X48/cs)",53.14,"10603812061329","14.5","2 / 112 oz",".66",
,"1/2 Sheet:48-cut:6151-1","New York ""Classic"" Cheesecake, 1/2 sheet, 48 piece pre-cut",0.00,"00603812061513","7","1 / 112 oz",,
,"1/2 Sheet:48-cut:6151-2","New York ""Classic"" Cheesecake, 1/2 sheet, 48 piece pre-cut (2X48/cs)",53.14,"10603812061510","14.5","2 / 112 oz",".66",
,"1/2 Sheet:96-cut",,0.00,,,,,
,"1/2 Sheet:96-cut:6201-1","New York ""Signature"" Cheesecake, 1/2 sheet, 96 piece pre-cut",0.00,"00603812062015","7","1 / 112 oz",,
,"1/2 Sheet:96-cut:6201-2","New York ""Signature"" Cheesecake, 1/2 sheet, 96 piece pre-cut (2X96/cs)",53.14,"10603812062012","14.5","2 / 112 oz",".66",
,"1/2 Sheet:96-cut:6203-1","White Chocolate Raspberry Cheesecake, 1/2 sheet, 96 piece pre-cut",0.00,"00603812062039","7","1 / 112 oz",,
,"1/2 Sheet:96-cut:6203-2","White Chocolate Raspberry Cheesecake, 1/2 sheet, 96 piece pre-cut (2X96/cs)",53.14,"10603812062036","14.5","2 / 112 oz",".66",
,"1/2 Sheet:96-cut:6208-1","Pumpkin Cheesecake, 1/2 sheet, 96 piece pre-cut",0.00,"00603812062084","7","1 / 112 oz",,
,"1/2 Sheet:96-cut:6208-2","Pumpkin Cheesecake, 1/2 sheet, 96 piece pre-cut (2X96/cs)",53.14,"10603812062081","14.5","2 / 112 oz",".66",
,"1/2 Sheet:96-cut:6209-1","Very Berry Cheesecake, 1/2 sheet, 96 piece pre-cut",0.00,"00603812062091","7","1 / 112 oz",,
,"1/2 Sheet:96-cut:6209-2","Very Berry Cheesecake, 1/2 Sheet, 96 piece pre-cut (2X96/cs)",53.14,"10603812062098","14.5","2 / 112 oz",".66",
,"1/2 Sheet:96-cut:6210-1","Cajeta Swirl Cheesecake, 1/2 sheet, 96 piece pre-cut",0.00,"603812062107","7","1 / 112 oz",,
,"1/2 Sheet:96-cut:6210-2","Cajeta Swirl Cheesecake, 1/2 sheet,96 piece pre-cut (2X96/cs)",53.14,"10603812062104","14.5","2 / 112 oz",".66",
,"1/2 Sheet:96-cut:6212-1","Key Lime Cheesecake, 1/2 sheet, 96 piece pre-cut",0.00,"603812062121","7","1 / 112 oz",,
,"1/2 Sheet:96-cut:6212-2","Key Lime Cheesecake, 1/2 sheet, 96 piece pre-cut (2X96/cs)",53.14,"10603812062128","14.5","2 / 112 oz",".66",
,"1/2 Sheet:96-cut:6217-1","Chocolate Truffle Cheesecake, 1/2 sheet, 96 piece pre-cut",0.00,"00603812062176","7","1 / 112 oz",,
,"1/2 Sheet:96-cut:6217-2","Chocolate Truffle Cheesecake, 1/2 sheet, 96 piece pre-cut (2X96/cs)",53.14,"10603812062173","14.5","2 / 112 oz",".66",
,"1/2 Sheet:96-cut:6218-1","Egg Nog Cheesecake, 1/2 sheet, 96 piece pre-cut",0.00,"00603812062183","7","1 / 112 oz",,
,"1/2 Sheet:96-cut:6218-2","Egg Nog Cheesecake, 1/2 sheet, 96 piece pre-cut (2X96/cs)",53.14,"10603812062180","14.5","2 / 112 oz",".66",
,"1/2 Sheet:96-cut:6221-1","Strawberry Swirl Cheesecake, 1/2 sheet, 96 piece pre-cut",0.00,"00603812062213","7","1 / 112 oz",,
,"1/2 Sheet:96-cut:6221-2","Strawberry Swirl Cheesecake, 1/2 sheet, 96 piece pre-cut (2X96/cs)",53.14,"10603812062210","14.5","2 / 112 oz",".66",
,"1/2 Sheet:96-cut:6230-1","""No Sugar Added"" New York Cheesecake, 1/2 sheet, 96 piece pre-cut",0.00,"00603812062305","7","1 / 112 oz",,
,"1/2 Sheet:96-cut:6230-2","""No Sugar Added"" New York Cheesecake, 1/2 sheet, 96 piece pre-cut (2X96/cs)",55.52,"10603812062302","14.5","2 / 112 oz",".66",
,"1/2 Sheet:96-cut:6232-1","Lemon Cheesecake, 1/2 sheet, 96 piece pre-cut",0.00,"00603812262329","7","1 / 112 oz",,
,"1/2 Sheet:96-cut:6232-2","Lemon Cheesecake, 1/2 sheet, 96 piece pre-cut (2X96/cs)",53.14,"10603812062326","14.5","2 / 112 oz",".66",
,"1/2 Sheet:96-cut:6234-1","Peppermint Swirl Cheesecake, 96 piece pre-cut, 1/2 sheet",0.00,"603812062343","7","1 / 112 oz",,
,"1/2 Sheet:96-cut:6234-2","Peppermint Swirl Cheesecake, 96 piece pre-cut, 1/2 sheet (2/cs)",48.18,"10603812062340","14.5","2 / 112 oz",".66",
,"1/2 Sheet:96-cut:6241-1","Almond Roca Cheesecake, 1/2 sheet, 96 piece pre-cut",0.00,"00603812262415","7","1 / 112 oz",,
,"1/2 Sheet:96-cut:6241-2","Almond Roca Cheesecake, 1/2 sheet, 96 piece pre-cut (2X96/cs)",53.14,"10603812062412","14.5","2 / 112 oz",".66",
,"1/2 Sheet:96-cut:6251-1","New York ""Classic"" Cheesecake, 1/2 sheet, 96 piece pre-cut",0.00,"00603812062510","7","1 / 112 oz",,
,"1/2 Sheet:96-cut:6251-2","New York ""Classic"" Cheesecake, 1/2 sheet, 96 piece pre-cut (2X96/cs)",53.14,"10603812062517","14.5","2 / 112 oz",".66",
,"1/2 Sheet:High Profile",,0.00,,,,,
,"1/2 Sheet:High Profile:36001-1","New York ""Signature"" Cheesecake, High Profile, 1/2 sheet",0.00,"00603812360012","11","1 / 176 oz",,
,"1/2 Sheet:High Profile:36001-2","New York ""Signature"" Cheesecake, High Profile, 1/2 sheet (2/cs)",66.00,"10603812360019","22.5","2 / 176 oz",".66",
,"1/2 Sheet:Pre-cut",,0.00,,,,,
,"1/2 Sheet:Pre-cut:26001-1","New York ""Signature"" Cheesecake, 1/2 sheet, 48 piece pre-cut",0.00,"00603812260015","7","1 / 112 oz",,
,"1/2 Sheet:Pre-cut:26001-2","New York ""Signature"" Cheesecake, 1/2 sheet, 48 piece pre-cut (2/cs)",53.14,"10603812260012","14.5","2 / 112 oz",".66",
,"1/2 Sheet:Pre-cut:26008-2","Pumpkin Cheesecake, 1/2 sheet, 48 piece pre-cut (2/cs)",53.14,"10603812260081","14.5","2 / 112 oz",".66",
,"1/2 Sheet:Pre-cut:26009-1","Very Berry Cheesecake, 1/2 sheet, 96 piece pre-cut",0.00,"00603812260091","7","1 / 112 oz",,
,"1/2 Sheet:Pre-cut:26009-2","Very Berry Cheesecake, 1/2 Sheet, 96 piece pre-cut (2/cs)",53.14,"10603812260098","14.5","2 / 112 oz",".66",
,"1/2 Sheet:Pre-cut:26017-1","Chocolate Truffle Cheesecake, 1/2 sheet, 96 piece pre-cut",0.00,"00603812260176","7","1 / 112 oz",,
,"1/2 Sheet:Pre-cut:26017-2","Chocolate Truffle Cheesecake, 1/2 Sheet, 96 piece pre-cut (2/cs)",53.14,"10603812260173","14.5","2 / 112 oz",".66",
,"1/2 Sheet:Pre-cut:26030-1","""No Sugar Added"" New York Cheesecake, 1/2 sheet, 96 piece pre-cut",0.00,"00603812260305","7","1 / 112 oz",,
,"1/2 Sheet:Pre-cut:26030-2","""No Sugar Added"" New York Cheesecake, 1/2 Sheet, 96 piece pre-cut (2/cs)",53.14,"10603812260302","14.5","2 / 112 oz",".66",
,"1/2 Sheet:Pre-cut:26032-1","Lemon Cheesecake, 1/2 sheet, 96 piece pre-cut",0.00,"00603812260329","7","1 / 112 oz",,
,"1/2 Sheet:Pre-cut:26032-2","Lemon Cheesecake, 1/2 Sheet, 96 piece pre-cut (2/cs)",53.14,"10603812260326","14.5","2 / 112 oz",".66",
,"1/2 Sheet:Pre-cut:26109-1","Very Berry Cheesecake, 1/2 sheet, 48 piece pre-cut",0.00,"00603812261098","7","1 / 112 oz",,
,"1/2 Sheet:Pre-cut:26109-2","Very Berry Cheesecake, 1/2 Sheet, 48 piece pre-cut (2/cs)",53.14,"10603812261095","14.5","2 / 112 oz",".66",
,"1/2 Sheet:Uncut",,0.00,,,,,
,"1/2 Sheet:Uncut:6001-1","New York ""Signature"" Cheesecake, 1/2 sheet",0.00,"603812060011","7","1 / 112 oz",,
,"1/2 Sheet:Uncut:6001-2","New York ""Signature"" Cheesecake, 1/2 sheet (2/cs)",48.18,"10603812060018","14.5","2 / 112 oz",".66",
,"1/2 Sheet:Uncut:6002-2","New York Cheesecake, 1/2 sheet (2/cs)",48.18,"10603812060025","26.5","2 / 208 oz",".66",
,"1/2 Sheet:Uncut:6003-1","White Chocolate Cheesecake, 1/2 sheet",0.00,"603812060035","7","1 / 112 oz",,
,"1/2 Sheet:Uncut:6003-2","White Chocolate Cheesecake, 1/2 sheet (2/cs)",48.18,"10603812060032","14.5","2 / 112 oz",".66",
,"1/2 Sheet:Uncut:6008-1","Pumpkin Cheesecake 1/2 sheet",0.00,"603812060080","7","1 / 112 oz",,
,"1/2 Sheet:Uncut:6008-2","Pumpkin Cheesecake, 1/2 Sheet (2/cs)",48.18,"10603812060087","14.5","2 / 112 oz",".66",
,"1/2 Sheet:Uncut:6009-1","Very Berry Cheesecake, 1/2 sheet",0.00,"603812060097","7","1 / 112 oz",,
,"1/2 Sheet:Uncut:6009-2","Very Berry Cheesecake, 1/2 Sheet (2/cs)",48.18,"10603812060094","14.5","2 / 112 oz",".66",
,"1/2 Sheet:Uncut:6010-1","Cajeta Swirl Cheesecake, 1/2 sheet",0.00,"603812060103","7","1 / 112 oz",,
,"1/2 Sheet:Uncut:6010-2","Cajeta Swirl Cheesecake, 1/2 sheet (2/cs)",48.18,"10603812060100","14.5","2 / 112 oz",".66",
,"1/2 Sheet:Uncut:6012-1","Key Lime Cheesecake, 1/2 sheet",0.00,"603812060127","7","1 / 112 oz",,
,"1/2 Sheet:Uncut:6012-2","Key Lime Cheesecake, 1/2 sheet (2/cs)",48.18,"10603812060124","14.5","2 / 112 oz",".66",
,"1/2 Sheet:Uncut:6017-1","Chocolate Truffle Cheesecake, 1/2 sheet",0.00,"603812060172","7","1 / 112 oz",,
,"1/2 Sheet:Uncut:6017-2","Chocolate Truffle Cheesecake, 1/2 sheet (2/cs)",48.18,"10603812060179","14.5","2 / 112 oz",".66",
,"1/2 Sheet:Uncut:6018-1","Egg Nog Cheesecake, 1/2 sheet",0.00,"603812060189","7","1 / 112 oz",,
,"1/2 Sheet:Uncut:6018-2","Egg Nog Cheesecake, 1/2 sheet (2/cs)",48.18,"10603812060186","14.5","2 / 112 oz",".66",
,"1/2 Sheet:Uncut:6021-1","Strawberry Swirl Cheesecake, 1/2 sheet",0.00,"603812060219","7","1 / 112 oz",,
,"1/2 Sheet:Uncut:6021-2","Strawberry Swirl Cheesecake, 1/2 sheet (2/cs)",48.18,"10603812060216","14.5","2 / 112 oz",".66",
,"1/2 Sheet:Uncut:6023-1","Espresso Cheesecake, 1/2 sheet",0.00,"603812060233","7","1 / 112 oz",,
,"1/2 Sheet:Uncut:6023-2","Espresso Cheesecake, 1/2 sheet (2/cs)",48.18,"10603812060230","14.5","2 / 112 oz",".66",
,"1/2 Sheet:Uncut:6025-1","Cranberry Orange Walnut Cheesecake, 1/2 sheet",0.00,"603812060257","7","1 / 112 oz",,
,"1/2 Sheet:Uncut:6025-2","Cranberry Orange Walnut Cheesecake, 1/2 sheet (2/cs)",48.18,"10603812060254","14.5","2 / 112 oz",".66",
,"1/2 Sheet:Uncut:6030-1","""No Sugar Added"" New York New York Cheesecake, 1/2 sheet",0.00,"603812060301","7","1 / 112 oz",,
,"1/2 Sheet:Uncut:6030-2","""No Sugar Added"" New York New York Cheesecake, 1/2 Sheet (2/cs)",50.58,"10603812060308","14.5","2 / 112 oz",".66",
,"1/2 Sheet:Uncut:6031-1","""No Sugar Added"" Chocolate Truffle Cheesecake, 1/2 sheet",0.00,"603812060318","7","1 / 112 oz",,
,"1/2 Sheet:Uncut:6031-2","""No Sugar Added"" Chocolate Truffle Cheesecake, 1/2 Sheet (2/cs)",50.58,"10603812060315","14.5","2 / 112 oz",".66",
,"1/2 Sheet:Uncut:6032-1","Lemon Cheesecake, 1/2 sheet",0.00,"603812060325","7","1 / 112 oz",,
,"1/2 Sheet:Uncut:6032-2","Lemon Cheesecake, 1/2 sheet (2/cs)",48.18,"10603812060322","14.5","2 / 112 oz",".66",
,"1/2 Sheet:Uncut:6033-1","Coconut 1/2 sheet (2/cs)",0.00,"603812060332","14.5","2 / 112 oz",".66",
,"1/2 Sheet:Uncut:6033-2","Coconut 1/2 sheet (2/cs)",48.18,"10603812060339","14.5","2 / 112 oz",".66",
,"1/2 Sheet:Uncut:6034-1","Peppermint Swirl Cheesecake, 1/2 sheet",0.00,"603812060349","7","1 / 112 oz",,
,"1/2 Sheet:Uncut:6034-2","Peppermint Swirl Cheesecake, 1/2 sheet (2/cs)",48.18,"10603812060346","14.5","2 / 112 oz",".66",
,"1/2 Sheet:Uncut:6040-1","Hazelnut Mohca 1/2 sheet",0.00,"603812060400","7","1 / 112 oz",,
,"1/2 Sheet:Uncut:6040-2","Hazelnut Mohca 1/2 sheet (2/cs)",48.18,"10603812060407","14.5","2 / 112 oz",".66",
,"1/2 Sheet:Uncut:6041-1","Almond Roca Cheesecake, 1/2 sheet",0.00,"603812060417","7","1 / 112 oz",,
,"1/2 Sheet:Uncut:6041-2","Almond Roca Cheesecake, 1/2 sheet (2/cs)",48.18,"10603812060414","14.5","2 / 112 oz",".66",
,"1/2 Sheet:Uncut:6042-1","Honey Lavender Cheesecake, 1/2 sheet",0.00,"603812060424","7","1 / 112 oz",,
,"1/2 Sheet:Uncut:6042-2","Honey Lavender Cheesecake, 1/2 sheet (2/cs)",48.18,"10603812060421","14.5","2 / 112 oz",".66",
,"1/2 Sheet:Uncut:6044-2","Caramel Apple Cheesecake, 1/2 sheet (2/cs)",48.18,"10603812060445","14.5","2 / 112 oz",".66",
,"1/2 Sheet:Uncut:6047-1","Huckleberry 1/2 sheet",0.00,"603812060479","7","1 / 112 oz",,
,"1/2 Sheet:Uncut:6047-2","Huckleberry 1/2 sheet (2/cs)",48.18,"10603812060462","14.5","2 / 112 oz",".66",
,"1/2 Sheet:Uncut:6051-1","New York ""Classic"" Cheesecake, 1/2 sheet",0.00,"603812060516","7","1 / 112 oz",,
,"1/2 Sheet:Uncut:6051-2","New York ""Classic"" Cheesecake, 1/2 sheet (2/cs)",48.18,"10603812060513","14.5","2 / 112 oz",".66",
,"1/2 Sheet:Uncut:Uncut",,0.00,,,,,
,"3""",,0.00,,,,,
,"3"":Bottom Label",,0.00,,,,,
,"3"":Bottom Label:2401-48","""Signature"" New York Cheesecake - Single Serve (48/cs)",1.50,"10603812024010","13","48 / 4 oz",,
,"3"":Bottom Label:2408-48","Pumpkin Cheesecake - Single Serve (48/cs)",1.50,"10603812024089","13","48 / 4 oz",,
,"3"":Bottom Label:2409-48","Very Berry Cheesecake - Single Serve (48/cs)",1.50,"10603812024096","13","48 / 4 oz",,
,"3"":Bottom Label:2417-48","Chocolate Truffle Cheesecake - Single Serve (48/cs)",1.50,"10603812024171","13","48 / 4 oz",,
,"3"":Bottom Label:2418-48","Egg Nog Cheesecake - Single Serve (48/cs)",1.50,"10603812024188","13","48 / 4 oz",,
,"3"":Bottom Label:2421-48","Strawberry Cheesecake - Single Serve (48/cs)",1.50,"10603812024218","13","48 / 4 oz",,
,"3"":Bottom Label:2425-48","Cranberry Orange Walnut Cheesecake - Single Serve (48/cs)",1.50,"10603812024256","13","48 / 4 oz",,
,"3"":Bottom Label:2434-48","Pepermint Swirl Cheesecake - Single Serve (48/cs)",1.50,"10603812024348","13","48 / 4 oz",,
,"3"":Bulk Pack (CBF Box)",,0.00,,,,,
,"3"":Bulk Pack (CBF Box):2101-18","New York ""Signature"" Cheesecake - Single Serve (18/cs)",20.88,"10603812021019","4.875","18 / 4 oz",".16",
,"3"":Bulk Pack (CBF Box):2101-36","New York ""Signature"" Cheesecake - Single Serve (36/cs)",20.88,"20603812021016","9","36 / 4 oz",".34",
,"3"":Bulk Pack (CBF Box):2102-18","Gluten Free New York Cheesecake - Single Serve (18/cs)",22.22,"10603812021026","4.875","18 / 4 oz",".16",
,"3"":Bulk Pack (CBF Box):2102-36","Gluten Free New York Cheesecake - Single Serve (36/cs)",22.22,"20603812021023","9","36 / 4 oz",".34",
,"3"":Bulk Pack (CBF Box):2104-36","Gluten Free Chocolate Truffle Cheesecake - Single Serve (36/cs)",20.88,"20603812021047","9","36 / 4 oz",".34",
,"3"":Bulk Pack (CBF Box):2106-18","Gluten Free Pumpkin Cheesecake - Single Serve (18/cs)",22.22,"10603812021064","4.875","18 / 4 oz",".16",
,"3"":Bulk Pack (CBF Box):2108-18","Pumpkin Cheesecake - Single Serve (18/cs)",20.88,"10603812021088","4.875","18 / 4 oz",".16",
,"3"":Bulk Pack (CBF Box):2109-18","Very Berry Cheesecake - Single Serve (18/cs)",20.88,"10603812021095","4.875","18 / 4 oz",".16",
,"3"":Bulk Pack (CBF Box):2109-36","Very Berry Cheesecake - Single Serve (36/cs)",20.88,"20603812021092","9","36 / 4 oz",".34",
,"3"":Bulk Pack (CBF Box):2110-18","Cajeta Cheesecake - Single Serve (18/cs)",20.88,"10603812021101","4.875","18 / 4 oz",".16",
,"3"":Bulk Pack (CBF Box):2112-18","Key Lime Cheesecake - Single Serve (18/cs)",20.88,"10603812021125","4.875","18 / 4 oz",".16",
,"3"":Bulk Pack (CBF Box):2117-18","Chocolate Truffle Cheesecake - Single Serve (18/cs)",20.88,"10603812021170","4.875","18 / 4 oz",".16",
,"3"":Bulk Pack (CBF Box):2117-36","Chocolate Truffle Cheesecake - Single Serve (36/cs)",20.88,"20603812021177","9","36 / 4 oz",".34",
,"3"":Bulk Pack (CBF Box):2118-18","EggNog Cheesecake - Single Serve (18/cs)",20.88,"10603812021187","4.875","18 / 4 oz",".16",
,"3"":Bulk Pack (CBF Box):2121-18","Strawberry Cheesecake - Single Serve (18/cs)",20.88,"10603812021217","4.875","18 / 4 oz",".16",
,"3"":Bulk Pack (CBF Box):2121-36","Strawberry Cheesecake - Single Serve (36/cs)",20.88,"20603812021214","9","36 / 4 oz",".34",
,"3"":Bulk Pack (CBF Box):2123-18","Espresso Cheesecake - Single Serve (18/cs)",20.88,"10603812021231","4.875","18 / 4 oz",".16",
,"3"":Bulk Pack (CBF Box):2125-18","Cranberry Orange Walnut Cheesecake - Single Serve (18/cs)",20.88,"10603812021255","4.875","18 / 4 oz",".16",
,"3"":Bulk Pack (CBF Box):2130-18","""No Sugar Added"" New York Cheesecake - Single Serve (18/cs)",22.22,"10603812021309","4.875","18 / 4 oz",".16",
,"3"":Bulk Pack (CBF Box):2130-36","""No Sugar Added"" New York Cheesecake - Single Serve (36/cs)",22.22,"20603812021306","9","36 / 4 oz",".34",
,"3"":Bulk Pack (CBF Box):2131-18","""No Sugar Added"" Chocolate Truffle Cheesecake - Single Serve (18/cs)",22.22,"10603812021316","4.875","18 / 4 oz",".16",
,"3"":Bulk Pack (CBF Box):2131-36","""No Sugar Added"" Chocolate Truffle Cheesecake - Single Serve (36/cs)",22.22,"20603812021313","9","36 / 4 oz",".34",
,"3"":Bulk Pack (CBF Box):2132-18","Lemon Cheesecake - Single Serve (18/cs)",20.88,"10603812021323","4.875","18 / 4 oz",".16",
,"3"":Bulk Pack (CBF Box):2133-18","Coconut Cheesecake - Single Serve (18/cs)",20.88,"10603812021330","4.875","18 / 4 oz",".16",
,"3"":Bulk Pack (CBF Box):2133-36","Coconut Cheesecake - Single Serve (36/cs)",20.88,"20603812021337","9","36 / 4 oz",".34",
,"3"":Bulk Pack (CBF Box):2134-18","Peppermint Swirl Cheesecake - Single Serve (18/cs)",20.88,"10603812021347","4.875","18 / 4 oz",".16",
,"3"":Bulk Pack (CBF Box):2136-18","""No Sugar Added"" Pumpkin Cheesecake - Single Serve (18/cs)",22.22,"10603812021361","4.875","18 / 4 oz",".16",
,"3"":Bulk Pack (CBF Box):2140-18","Hazelnut Mocha Cheesecake - Single Serve (18/cs)",20.88,"10603812021408","4.875","18 / 4 oz",".16",
,"3"":Bulk Pack (CBF Box):2141-18","New York with Almond Roca Cheesecake - Single Serve (18/cs)",20.88,"10603812021415","4.875","18 / 4 oz",".16",
,"3"":Bulk Pack (CBF Box):2142-18","Honey Lavender Cheesecake - Single Serve (18/cs)",20.88,"10603812021422","4.875","18 / 4 oz",".16",
,"3"":Bulk Pack (CBF Box):2144-18","Carmel Apple Cheesecake - Single Serve (18/cs)",20.88,"10603812021446","4.875","18 / 4 oz",".16",
,"3"":Bulk Pack (CBF Box):2147-18","Huckleberry Cheesecake - Single Serve (18/cs)",20.88,"10603812021477","4.875","18 / 4 oz",".16",
,"3"":Bulk Pack (CBF Box):2151-18","New York ""Classic"" Cheesecake - Single Serve (18/cs)",20.88,"10603812021514","4.875","18 / 4 oz",".16",
,"3"":Bulk Pack (Wht Box)",,0.00,,,,,
,"3"":Bulk Pack (Wht Box):2002-18","Gluten Free New York Cheesecake - Single Serve (18/cs)",22.22,"10603812020029","4.875","18 / 4 oz",".16",
,"3"":Bulk Pack (Wht Box):2004-18","Gluten Free Chocolate Truffle Cheesecake - Single Serve (18/cs)",22.22,"10603812020043","4.875","18 / 4 oz",".16",
,"3"":Bulk Pack (Wht Box):2006-18","Gluten Free Pumpkin Cheesecake - Single Serve (18/cs)",22.22,"10603812020067","4.875","18 / 4 oz",".16",
,"3"":Bulk Pack (Wht Box):2013-18","Gluten Free Strawberry Cheesecake - Single Serve (18/cs)",22.22,"10603812020135","4.875","18 / 4 oz",".16",
,"3"":Bulk Pack (Wht Box):2030-18","No Sugar Added New York Cheesecake - Single Serve (18/cs)",22.22,"10603812020302","4.875","18 / 4 oz",".16",
,"3"":Bulk Pack (Wht Box):2031-18","No Sugar Added Chocolate Truffle Cheesecake - Single Serve (18/cs)",22.22,"10603812020319","4.875","18 / 4 oz",".16",
,"3"":Bulk Pack High Profile",,0.00,,,,,
,"3"":Bulk Pack High Profile:2301-1","New York ""Signature"" High Profile Cheesecake - Single Serve",20.88,"603812023016",".35","1 / 5.5 oz",,
,"3"":Bulk Pack High Profile:2301-18","New York ""Signature"" High Profile Cheesecake - Single Serve (18/cs)",20.88,"10603812023013","7","18 / 5.5 oz",".16",
,"3"":Bulk Pack High Profile:2312-30","Key Lime High Profile Cheesecake - Single Serve (30/cs)",20.88,"10603812023129","9","32 / 4 oz",".54",
,"3"":Customer Specific Packaged",,0.00,,,,,
,"3"":Customer Specific Packaged:2671-4","Single Serve Cheesecake 4 Piece FIGIS (NY/LM/SB/VB) - Air ship Packed",0.00,"603812026710","3.8","4 / 4 oz",".22",
,"3"":Customer Specific Packaged:2672-8","Single Serve Cheesecake 8 Piece FIGIS (NY/LM/SB/VB) - Air ship Packed",0.00,"603812026727","5.1","8 / 4 oz",".22",
,"3"":Customer Specific Packaged:2673-12","Glutenfreeda New York #00155",0.00,,"3.5","12 / 4 oz",".21",
,"3"":Customer Specific Packaged:2674-12","Glutenfreeda Chocolate #00157",0.00,,"3.5","12 / 4 oz",".21",
,"3"":Customer Specific Packaged:2675-12","Glutenfreeda Strawberry #00159",0.00,,"3.5","12 / 4 oz",".21",
,"3"":Customer Specific Packaged:2676-1","Fab 4 Assortment FIGIS (NY/LM/SB/CT) - Air ship Packed",0.00,"603812026765","5.1","8 / 4 oz",".22",
,"3"":DUP Individual Pack 3.5 Oz",,0.00,,,,,
,"3"":Individual Pack",,0.00,,,,,
,"3"":Individual Pack:2201-1","New York ""Signature"" Cheesecake - Single Serve",1.50,"603812022019",".25","1 / 4 oz",,
,"3"":Individual Pack:2201-12","New York ""Signature"" Cheesecake - Single Serve (12/cs)",15.38,"10603812022016","3.5","12 / 4 oz",".21",
,"3"":Individual Pack:2201-6","New York ""Signature"" Cheesecake - Single Serve (6/cs)",9.00,"20603812022013","2","6 / 4 oz",".14",
,"3"":Individual Pack:2202-1","Gluten Free New York Cheesecake - Single Serve",1.50,"603812022026",".25","1 / 4 oz",,
,"3"":Individual Pack:2202-12","Gluten Free New York Cheesecake - Single Serve (12/cs)",16.30,"10603812022023","3.5","12 / 4 oz",".21",
,"3"":Individual Pack:2202-6","Gluten Free New York Cheesecake - Single Serve (6/cs)",9.00,"20603812022020","2","6 / 4 oz",".14",
,"3"":Individual Pack:2204-1","Gluten Free Chocolate Truffle Cheesecake - Single Serve",1.50,"603812022040",".25","1 / 4 oz",,
,"3"":Individual Pack:2204-12","Gluten Free Chocolate Truffle Cheesecake - Single Serve (12/cs)",16.30,"10603812022047","3.5","12 / 4 oz",".21",
,"3"":Individual Pack:2204-6","Gluten Free Chocolate Truffle Cheesecake - Single Serve (6/cs)",9.00,"20603812022044","2","6 / 4 oz",".14",
,"3"":Individual Pack:2206-1","Gluten Free Pumpkin Cheesecake - Single Serve",1.50,"603812022064",".25","1 / 4 oz",,
,"3"":Individual Pack:2206-12","Gluten Free Pumpkin Cheesecake - Single Serve (12/cs)",16.30,"10603812022061","3.5","12 / 4 oz",".21",
,"3"":Individual Pack:2206-6","Gluten Free Pumpkin Cheesecake - Single Serve (6/cs)",9.00,"20603812022068","2","6 / 4 oz",".14",
,"3"":Individual Pack:2207-1","Irish Cream Cheesecake - Single Serve",1.50,"603812022071",".25","1 / 4 oz",,
,"3"":Individual Pack:2207-12","Irish Cream Cheesecake - Single Serve (12/cs)",16.30,"10603812022078","3.5","12 / 4 oz",".21",
,"3"":Individual Pack:2207-6","Irish Cream Cheesecake - Single Serve (6/cs)",9.00,"20603812022075","2","6 / 4 oz",".14",
,"3"":Individual Pack:2208-1","Pumpkin Cheesecake - Single Serve",1.50,"603812022088",".25","1 / 4 oz",,
,"3"":Individual Pack:2208-12","Pumpkin Cheesecake - Single Serve (12/cs)",15.38,"10603812022085","3.5","12 / 4 oz",".21",
,"3"":Individual Pack:2208-6","Pumpkin Cheesecake - Single Serve (6/cs)",9.00,"20603812022082","2","6 / 4 oz",".14",
,"3"":Individual Pack:2209-1","Very Berry Cheesecake - Single Serve",1.50,"603812022095",".25","1 / 4 oz",,
,"3"":Individual Pack:2209-12","Very Berry Cheesecake - Single Serve (12/cs)",15.38,"10603812022092","3.5","12 / 4 oz",".21",
,"3"":Individual Pack:2209-6","Very Berry Cheesecake - Single Serve (6/cs)",9.00,"20603812022099","2","6 / 4 oz",".14",
,"3"":Individual Pack:2210-1","Cajeta Cheesecake - Single Serve",1.50,"603812022101",".25","1 / 4 oz",,
,"3"":Individual Pack:2210-12","Cajeta Cheesecake - Single Serve (12/cs)",15.38,"10603812022108","3.5","12 / 4 oz",".21",
,"3"":Individual Pack:2210-6","Cajeta Cheesecake - Single Serve (6/cs)",9.00,"20603812022105","2","6 / 4 oz",".14",
,"3"":Individual Pack:2212-1","Key Lime Cheesecake - Single Serve",1.50,"603812022125",".25","1 / 4 oz",,
,"3"":Individual Pack:2212-12","Key Lime Cheesecake - Single Serve (12/cs)",15.38,"10603812022122","3.5","12 / 4 oz",".21",
,"3"":Individual Pack:2212-6","Key Lime Cheesecake - Single Serve (6/cs)",9.00,"20603812022129","3.5","6 / 4 oz",".21",
,"3"":Individual Pack:2213-1","Gluten Free Strawberry Cheesecake - Single Serve",1.50,"603812022132",".25","1 / 4 oz",,
,"3"":Individual Pack:2213-12","Gluten Free Strawberry Cheesecake - Single Serve (12/cs)",15.38,"10603812022139","3.5","12 / 4 oz",".21",
,"3"":Individual Pack:2213-6","Gluten Free Strawberry Cheesecake - Single Serve (6/cs)",9.00,"20603812022139","3.5","6 / 4 oz",".21",
,"3"":Individual Pack:2215-1","Pumpkin Chip Cheesecake - Single Serve",1.50,"603812022156",".25","1 / 4 oz",,
,"3"":Individual Pack:2215-12","Pumpkin Chip Cheesecake - Single Serve (12/cs)",15.38,"10603812022153","3.5","12 / 4 oz",".21",
,"3"":Individual Pack:2215-6","Pumpkin Chip Cheesecake - Single Serve (6/cs)",9.00,"20603812022150","2","6 / 4 oz",".14",
,"3"":Individual Pack:2217-1","Chocolate Truffle Cheesecake - Single Serve",1.50,"603812022170",".25","1 / 4 oz",,
,"3"":Individual Pack:2217-12","Chocolate Truffle Cheesecake - Single Serve (12/cs)",15.38,"10603812022177","3.5","12 / 4 oz",".21",
,"3"":Individual Pack:2217-6","Chocolate Truffle Cheesecake - Single Serve (6/cs)",9.00,"20603812022174","2","6 / 4 oz",".14",
,"3"":Individual Pack:2218-1","Egg Nog Cheesecake - Single Serve",1.50,"603812022187",".25","1 / 4 oz",,
,"3"":Individual Pack:2218-12","Egg Nog Cheesecake - Single Serve (12/cs)",15.38,"10603812022184","3.5","12 / 4 oz",".21",
,"3"":Individual Pack:2218-6","Egg Nog Cheesecake - Single Serve (6/cs)",9.00,"20603812022181","2","6 / 4 oz",".14",
,"3"":Individual Pack:2221-1","Strawberry Cheesecake - Single Serve",1.50,"603812022217",".25","1 / 4 oz",,
,"3"":Individual Pack:2221-12","Strawberry Cheesecake - Single Serve (12/cs)",15.38,"10603812022214","3.5","12 / 4 oz",".21",
,"3"":Individual Pack:2221-6","Strawberry Cheesecake - Single Serve (6/cs)",9.00,"20603812022211","2","6 / 4 oz",".14",
,"3"":Individual Pack:2223-1","Espresso Cheesecake - Single Serve",1.50,"603812022231",".25","1 / 4 oz",,
,"3"":Individual Pack:2223-12","Espresso Cheesecake - Single Serve (12/cs)",15.38,"10603812022238","3.5","12 / 4 oz",".21",
,"3"":Individual Pack:2224-1","Raspberry Chipotle Cheesecake - Single Serve",1.50,"603812022248",".25","1 / 4 oz",,
,"3"":Individual Pack:2224-12","Raspberry Chipotle Cheesecake - Single Serve (12/cs)",15.38,"10603812022245","3.5","12 / 4 oz",".21",
,"3"":Individual Pack:2225-1","Cranberry Orange Walnut Cheesecake - Single Serve",1.50,"603812022255",".25","1 / 4 oz",,
,"3"":Individual Pack:2225-12","Cranberry Orange Walnut Cheesecake - Single Serve (12/cs)",15.38,"10603812022252","3.5","12 / 4 oz",".21",
,"3"":Individual Pack:2225-6","Cranberry Orange Walnut Cheesecake - Single Serve (6/cs)",9.00,"20603812022259","2","6 / 4 oz",".14",
,"3"":Individual Pack:2230-1","""No Sugar Added"" New York Cheesecake - Single Serve",1.50,"603812022309",".25","1 / 4 oz",,
,"3"":Individual Pack:2230-12","""No Sugar Added"" New York Cheesecake - Single Serve (12/cs)",16.30,"10603812022306","3.5","12 / 4 oz",".21",
,"3"":Individual Pack:2230-6","""No Sugar Added"" New York Cheesecake - Single Serve (6/cs)",9.00,"20603812022303","2","6 / 4 oz",".14",
,"3"":Individual Pack:2231-1","""No Sugar Added"" Chocolate Truffle Cheesecake - Single Serve",1.50,"603812022316",".25","1 / 4 oz",,
,"3"":Individual Pack:2231-12","""No Sugar Added"" Chocolate Truffle Cheesecake - Single Serve (12/cs)",16.30,"10603812022313","3.5","12 / 4 oz",".21",
,"3"":Individual Pack:2231-6","""No Sugar Added"" Chocolate Truffle Cheesecake - Single Serve (6/cs)",9.00,"20603812022310","2","6 / 4 oz",".14",
,"3"":Individual Pack:2232-1","Lemon Cheesecake - Single Serve",1.50,"603812022323",".25","1 / 4 oz",,
,"3"":Individual Pack:2232-12","Lemon Cheesecake - Single Serve (12/cs)",15.38,"10603812022320","3.5","12 / 4 oz",".21",
,"3"":Individual Pack:2232-6","Lemon Cheesecake - Single Serve (6/cs)",9.00,"20603812022327","2","6 / 4 oz",".14",
,"3"":Individual Pack:2233-1","Coconut Cheesecake - Single Serve",1.50,"603812022330",".25","1 / 4 oz",,
,"3"":Individual Pack:2233-12","Coconut Cheesecake - Single Serve (12/cs)",15.38,"10603812022337","3.5","12 / 4 oz",".21",
,"3"":Individual Pack:2233-6","Coconut Cheesecake - Single Serve (6/cs)",9.00,"20603812022334","2","6 / 4 oz",".14",
,"3"":Individual Pack:2234-1","Peppermint Swirl Cheesecake - Single Serve",1.50,"603812022347",".25","1 / 4 oz",,
,"3"":Individual Pack:2234-12","Peppermint Swirl Cheesecake - Single Serve (12/cs)",15.38,"10603812022344","3.5","12 / 4 oz",".21",
,"3"":Individual Pack:2234-6","Peppermint Swirl Cheesecake - Single Serve (6/cs)",9.00,"20603812022341","2","6 / 4 oz",".14",
,"3"":Individual Pack:2236-1","""No Sugar Added"" Pumpkin Cheesecake - Single Serve",1.50,"603812022361",".25","1 / 4 oz",,
,"3"":Individual Pack:2236-12","""No Sugar Added"" Pumpkin Cheesecake - Single Serve (12/cs)",16.30,"10603812022368","3.5","12 / 4 oz",".21",
,"3"":Individual Pack:2236-6","""No Sugar Added"" Pumpkin Cheesecake - Single Serve (6/cs)",9.00,"20603812022365","2","6 / 4 oz",".14",
,"3"":Individual Pack:2240-1","Hazelnut Mocha Cheesecake - Single Serve",1.50,"603812022408",".25","1 / 4 oz",,
,"3"":Individual Pack:2240-12","Hazelnut Mocha Cheesecake - Single Serve (12/cs)",15.38,"10603812022405","3.5","12 / 4 oz",".21",
,"3"":Individual Pack:2240-6","Hazelnut Mocha Cheesecake - Single Serve (6/cs)",15.38,"20603812022402","2","6 / 4 oz",".14",
,"3"":Individual Pack:2241-1","New York with Almond Roca Cheesecake - Single Serve",1.50,"603812022415",".25","1 / 4 oz",,
,"3"":Individual Pack:2241-12","New York with Almond Roca Cheesecake - Single Serve (12/cs)",15.38,"10603812022412","3.5","12 / 4 oz",".21",
,"3"":Individual Pack:2241-6","New York with Almond Roca Cheesecake - Single Serve (6/cs)",9.00,"20603812022419","2","6 / 4 oz",".14",
,"3"":Individual Pack:2242-1","Honey Lavender Cheesecake - Single Serve",1.50,"603812022422",".25","1 / 4 oz",,
,"3"":Individual Pack:2242-12","Honey Lavender Cheesecake - Single Serve (12/cs)",15.38,"10603812022429","3.5","12 / 4 oz",".21",
,"3"":Individual Pack:2242-6","Honey Lavender Cheesecake - Single Serve (6/cs)",15.38,"10603812022429","3.5","12 / 4 oz",".21",
,"3"":Individual Pack:2244-1","Caramel Apple Cheesecake - Single Serve",1.50,"603812022446",".25","1 / 4 oz",,
,"3"":Individual Pack:2247-1","Huckleberry Cheesecake - Single Serve",1.50,"603812022477",".25","1 / 4 oz",,
,"3"":Individual Pack:2247-12","Huckleberry Cheesecake - Single Serve (12/cs)",15.38,"10603812022474","3.5","12 / 4 oz",".21",
,"3"":Individual Pack:2247-6","Huckleberry Cheesecake - Single Serve (6/cs)",9.00,"20603812022471","2","6 / 4 oz",".14",
,"3"":Individual Pack:2251-1","New York ""Classic"" Cheesecake - Single Serve",1.50,"603812022514",".25","1 / 4 oz",,
,"3"":Individual Pack:2251-12","New York ""Classic"" Cheesecake - Single Serve (12/cs)",15.38,"10603812022511","3.5","12 / 4 oz",".21",
,"3"":Individual Pack:2251-6","New York ""Classic"" Cheesecake - Single Serve (6/cs)",9.00,"20603812022518","2","6 / 4 oz",".14",
,"3"":Individual Pack:2280-12","Seasonal Cheesecake Assortment - Single Serve (12/cs)..(3xNY, 2xPU, 3xCT, 1xCOW, 1xEN, 2xSB)",15.88,"10603812022801","3.5","12 / 4 oz",".21",
,"3"":Individual Pack:2290-4","Sample Pack - Single Serve (4/cs)",17.00,"10603812022900","1.5","4 / 4 oz",".09",
,"3"":Individual Pack:2291-1","Garlic Jim's Cheesecake - Single Serve",1.50,"603812022910",".25","1 / 4 oz",,
,"3"":Individual Pack:2291-12","Garlic Jim's Cheesecake - Single Serve (12/cs)",17.00,"10603812022917","3.5","12 / 4 oz",".21",
,"3"":Individual Pack:2292-1","WINCO Assortment Cheesecake - Single Serve",1.50,"603812022927",".25","1 / 4 oz",,
,"3"":Individual Pack:2292-12","WINCO Assortment Cheesecake - Single Serve (12/cs)",17.00,"10603812022924","3.5","12 / 4 oz",".21",
,"3"":Individual Pack:2293-6","Assorted (NY, CT, VB) Cheesecake - Single Serve (6/cs)",9.00,"20603812022938","2","6 / 4 oz",".14",
,"3"":Individual Pack:2294-12","""Favorites"" Cheesecake Assortment (NY/CT/VB/SB) - Single Serve (12/cs)",17.00,"10603812022948","3.5","12 / 4 oz",".21",
,"3"":Individual Pack:2295-12","""Seasonal"" Cheesecake Assortment (NY/CT/VB/SB) - Single Serve (12/cs)",17.00,"10603812022955","3.5","12 / 4 oz",".21",
,"3"":Individual Pack:2296-12","Single Serve Cheesecake Assortment (NY/CT/HB)(12/cs)",17.00,"10603812022962","3.5","12 / 4 oz",".21",
,"3"":Individual Pack 3.5 oz",,0.00,,,,,
,"3"":Individual Pack 3.5 oz:2901-1","New York ""Signature"" Cheesecake - Single Serve",1.50,"603812029018",".19","1 / 3.5 oz",,
,"3"":Individual Pack 3.5 oz:2901-12","New York ""Signature"" Cheesecake - Single Serve (12/cs)",15.38,"10603812029015","3.1","12 / 3.5 oz",".21",
,"3"":Individual Pack 3.5 oz:2909-1","Very Berry Cheesecake - Single Serve",1.50,"603812029094",".19","1 / 3.5 oz",,
,"3"":Individual Pack 3.5 oz:2909-12","Very Berry Cheesecake - Single Serve (12/cs)",15.38,"10603812029091","3.1","12 / 3.5 oz",".21",
,"3"":Individual Pack 3.5 oz:2917-1","Chocolate Truffle Cheesecake - Single Serve",1.50,"603812029179",".19","1 / 3.5 oz",,
,"3"":Individual Pack 3.5 oz:2917-12","Chocolate Truffle Cheesecake - Single Serve (12/cs)",15.38,"10603812029176","3.1","12 / 3.5 oz",".21",
,"3"":Individual Pack 3.5 oz:2921-1","Strawberry Cheesecake - Single Serve",1.50,"603812029216",".19","1 / 3.5 oz",,
,"3"":Individual Pack 3.5 oz:2921-12","Strawberry Cheesecake - Single Serve (12/cs)",15.38,"10603812029213","3.1","12 / 3.5 oz",".21",
,"3"":Individual Pack CDN",,0.00,,,,,
,"3"":Individual Pack CDN:2501-1","New York ""Signature"" Cheesecake - Single Serve",1.50,"603812025010",".25","1 / 113 g",,
,"3"":Individual Pack CDN:2501-12","New York ""Signature"" Cheesecake - Single Serve (12/cs)",15.38,"10603812025017","3.5","12 / 113 g",".21",
,"3"":Individual Pack CDN:2501-6","New York ""Signature"" Cheesecake - Single Serve (6/cs)",9.00,"20603812025014","2","6 / 113 g",".14",
,"3"":Individual Pack CDN:2502-1","Gluten Free New York Cheesecake - Single Serve",1.50,"603812025027",".25","1 / 113 g",,
,"3"":Individual Pack CDN:2502-12","Gluten Free New York Cheesecake - Single Serve (12/cs)",16.30,"10603812025024","3.5","12 / 113 g",".21",
,"3"":Individual Pack CDN:2502-6","Gluten Free New York Cheesecake - Single Serve (6/cs)",9.00,"20603812025021","2","6 / 113 g",".14",
,"3"":Individual Pack CDN:2508-1","Pumpkin Cheesecake - Single Serve",1.50,"603812025089",".25","1 / 113 g",,
,"3"":Individual Pack CDN:2508-12","Pumpkin Cheesecake - Single Serve (12/cs)",15.38,"10603812025086","3.5","12 / 113 g",".21",
,"3"":Individual Pack CDN:2508-6","Pumpkin Cheesecake - Single Serve (6/cs)",9.00,"20603812025083","2","6 / 113 g",".14",
,"3"":Individual Pack CDN:2509-1","Very Berry Cheesecake - Single Serve",1.50,"603812025096",".25","1 / 113 g",,
,"3"":Individual Pack CDN:2509-12","Very Berry Cheesecake - Single Serve (12/cs)",15.38,"10603812025093","3.5","12 / 113 g",".21",
,"3"":Individual Pack CDN:2509-6","Very Berry Cheesecake - Single Serve (6/cs)",15.38,"20603812025090","3.5","12 / 113 g",".21",
,"3"":Individual Pack CDN:2512-1","Key Lime Cheesecake - Single Serve",1.50,"603812025126",".25","1 / 113 g",,
,"3"":Individual Pack CDN:2512-12","Key Lime Cheesecake - Single Serve (12/cs)",1.50,"10603812025123",".25","1 / 113 g",,
,"3"":Individual Pack CDN:2512-6","Key Lime Cheesecake - Single Serve (6/cs)",1.50,"20603812025120",".25","1 / 113 g",,
,"3"":Individual Pack CDN:2517-1","Chocolate Truffle Cheesecake - Single Serve",1.50,"603812025171",".25","1 / 113 g",,
,"3"":Individual Pack CDN:2517-12","Chocolate Truffle Cheesecake - Single Serve (12/cs)",15.38,"10603812025178","3.5","12 / 113 g",".21",
,"3"":Individual Pack CDN:2517-6","Chocolate Truffle Cheesecake - Single Serve (6/cs)",9.00,"20603812025175","2","6 / 113 g",".14",
,"3"":Individual Pack CDN:2518-1","Egg Nog Cheesecake - Single Serve",1.50,"603812025188",".25","1 / 113 g",,
,"3"":Individual Pack CDN:2518-12","Egg Nog Cheesecake - Single Serve (12/cs)",15.38,"10603812025185","3.5","12 / 113 g",".21",
,"3"":Individual Pack CDN:2518-6","Egg Nog Cheesecake - Single Serve (6/cs)",9.00,"20603812025182","2","6 / 113 g",".14",
,"3"":Individual Pack CDN:2521-1","Strawberry Cheesecake - Single Serve",1.50,"603812025218",".25","1 / 113 g",,
,"3"":Individual Pack CDN:2521-12","Strawberry Cheesecake - Single Serve (12/cs)",15.38,"10603812025215","3.5","12 / 113 g",".21",
,"3"":Individual Pack CDN:2521-6","Strawberry Cheesecake - Single Serve (6/cs)",9.00,"20603812025212","2","6 / 113 g",".14",
,"3"":Individual Pack CDN:2525-1","Cranberry Orange Walnut Cheesecake - Single Serve",1.50,"603812025256",".25","1 / 113 g",,
,"3"":Individual Pack CDN:2525-12","Cranberry Orange Walnut Cheesecake - Single Serve (12/cs)",15.38,"10603812025253","3.5","12 / 113 g",".21",
,"3"":Individual Pack CDN:2525-6","Cranberry Orange Walnut Cheesecake - Single Serve (6/cs)",9.00,"20603812025250","2","6 / 113 g",".14",
,"3"":Individual Pack CDN:2530-1","No Sugar Added New York Cheesecake - Single Serve",1.50,"603812025300",".25","1 / 113 g",,
,"3"":Individual Pack CDN:2530-12","No Sugar Added New York Cheesecake - Single Serve (12/cs)",16.30,"10603812025307","3.5","12 / 113 g",".21",
,"3"":Individual Pack CDN:2530-6","No Sugar Added New York Cheesecake - Single Serve (6/cs)",9.00,"20603812025304","2","6 / 113 g",".14",
,"3"":Individual Pack CDN:2547-1","Huckleberry Cheesecake - Single Serve",1.50,"603812025478",".25","1 / 113 g",,
,"3"":Individual Pack CDN:2547-12","Huckleberry Cheesecake - Single Serve (12/cs)",15.38,"10603812025475","3.5","12 / 113 g",".21",
,"3"":Individual Pack CDN:2547-6","Huckleberry Cheesecake - Single Serve (6/cs)",9.00,"20603812025472","2","6 / 113 g",".14",
,"3"":Retail Pack",,0.00,,,,,
,"3"":Retail Pack:2360-1","Single Serve Cheesecake 8 Piece Variety Pack",0.00,"603812023603","2.5","1 / 40 oz",,
,"3"":Retail Pack:2360-12","Single Serve Cheesecake 8 Piece Variety Pack (12/cs)",0.00,"20603812023607","31","12 / 40 oz","1.6",
,"3"":Retail Pack:2360-6","Single Serve Cheesecake 8 Piece Variety Pack (6/cs)",67.74,"10603812023600","16","6 / 40 oz",".88",
,"3"":Retail Pack:2361-1","Single Serve Cheesecake 12 Piece Variety Pack",0.00,"603812023610","4","1 / 64 oz",,
,"3"":Retail Pack:2361-6","Single Serve Cheesecake 12 Piece Variety Pack (6/cs)",0.00,"10603812023617","25","6 / 64 oz","1.70",
,"3"":Retail Pack:2362-1","Single Serve Gluten Free Cheesecake 8 Piece Variety Pack",0.00,"603812023627","2.5","1 / 40 oz",,
,"3"":Retail Pack:2363-1","Single Serve Cheesecake 8 Piece Mix and Match Variety Pack",0.00,"603812023634","2.5","1 / 40 oz",,
,"3"":Retail Pack:2364-1","Single Serve Cheesecake 8 Piece Festive Pack",0.00,"603812023641","2.5","1 / 40 oz",,
,"3"":Retail Pack:2364-12","Single Serve Cheesecake 8 Piece Festive Pack (12/cs)",0.00,"20603812023645","31","12 / 40 oz","1.6",
,"3"":Retail Pack:2364-6","Single Serve Cheesecake 8 Piece Festive Pack (6/cs)",0.00,"10603812023648","16","6 / 40 oz",".88",
,"3"":Retail Pack:2365-1","Single Serve Cheesecake 4 Piece Variety Pack",0.00,"603812023658","1.5","1 / 24 oz",,
,"3"":Retail Pack:2365-12","Single Serve Cheesecake 4 Piece Variety Pack (12/cs)",0.00,"20603812023652","19","12 / 24 oz",".97",
,"3"":Retail Pack:2366-1","Single Serve Cheesecake 6 Piece Variety Pack",0.00,"603812023665","1.5","1 / 24 oz",,
,"3"":Retail Pack:2367-1","Single Serve Cheesecake 8 Piece Variety Pack Alison's Pantry",0.00,"603812023672","2.5","1 / 40 oz",,
,"3"":Retail Pack:2367-6","Single Serve Cheesecake 8 Piece Variety Pack Alison's Pantry (6/cs)",0.00,"10603812023679","16","6 / 40 oz","1.30",
,"3"":Retail Pack:2369-1","Single Serve Cheesecake 8 Piece COSTCO Pack (NY/PU/CT/COW)",0.00,"603812023696","2.5","1 / 40 oz",,
,"3"":Retail Pack:2369-6","Single Serve Cheesecake 8 Piece (COSTCO Item # 554596) (6/cs)",0.00,"10603812023693","16","6 / 40 oz",".89",
,"3"":Retail Pack:2370-1","Single Serve Cheesecake 8 Piece COSTCO Pack (NY/VB/CT)",0.00,"603812023702","2.5","1 / 40 oz",,
,"3"":Retail Pack:2370-6","Single Serve Cheesecake 8 Piece (COSTCO Item # _________) (6/cs)",0.00,"10603812023709","15","6 / 40 oz",".89",
,"3"":Retail Pack:2371-1","Single Serve Cheesecake 4 Piece FIGIS (SB/NY/VB/LM)",0.00,"603812023719","2.5","1 / 40 oz",,
,"3"":Retail Pack:2372-1","Single Serve Cheesecake 6 Piece FIGIS (NY/VB/LM/SB/CT/__)",0.00,"603812023726","2.5","1 / 40 oz",,
,"3"":Retail Pack:2373-1","Single Serve Cheesecake 8 Piece FIGIS (VB/SB/CT/CN/LM/NY/__/__)",0.00,"603812023733","2.5","1 / 40 oz",,
,"3"":Retail Pack:2374-1","Single Serve Cheesecake 8 Piece COSTCO Printed Pack (NY/VB/CT/KL)",0.00,"603812023740","2.5","8 / 4 oz",,
,"3"":Retail Pack:2374-6","Single Serve Cheesecake 8 Piece (COSTCO Item # 554596) (6/cs)",0.00,"10603812023747","15","6 / 40 oz",".88",
,"3"":Retail Pack:2375-1","Single Serve Cheesecake 8 Piece COSTCO Printed Pack (NY/VB)",0.00,"603812023757","2.5","1 / 40 oz",,
,"3"":Retail Pack:2375-6","Single Serve Cheesecake 8 Piece NY & VB (COSTCO Item # 571095) (6/cs)",0.00,"10603812023754","15","6 / 40 oz",".89",
,"3"":Retail Pack:2376-1","Single Serve Cheesecake 8 Piece Variety Alison's Pantry (NY,CT,WCR,KL)",0.00,"603812023764","2.5","1 / 40 oz",,
,"3"":Retail Pack:2376-6","Single Serve Cheesecake 8 Piece Variety Alison's Pantry (NY,CT,WCR,KL) (6/cs)",0.00,"10603812023761","16","6 / 40 oz","1.30",
,"3"":Retail Pack:2377-1","Single Serve Cheesecake 8 Piece (KL,LM,SB,CN) COSTCO Item# 7360",0.00,"0603812023771","2.5","1 / 40 oz",,
,"3"":Retail Pack:2377-6","Single Serve Cheesecake 8 Piece (KL,LM,SB,CN) COSTCO Item# 7360",0.00,"10603812023778","16","6 / 40 oz","1.30",
,"3"":Retail Pack:2378-1","Single Serve Cheesecake 4 Piece (NY, CT, VB, SB)",0.00,"603812023788","1","1 / 16 oz",,
,"3"":Retail Pack:2378-10","Single Serve Cheesecake 4 Piece (NY, CT, VB, SB)",0.00,"10603812023785","11","10 / 16 oz","1.30",
,"3"":Retail Pack:2379-1","Single Serve Cheesecake 8 Piece Pack (NY/TB/CT/COW) COSTCO #:___",0.00,"603812023795","2.5","8 / 4 oz",,
,"3"":Retail Pack:2379-6","Single Serve Cheesecake 8 Piece (COSTCO Item # _____) (6/cs)",0.00,"10603812023792","15","6 / 40 oz",".88",
,"3"":Sample Pack",,0.00,,,,,
,"3"":Sample Pack:2101-72","New York ""Signature"" Cheesecake - 72 piece sample pack",31.50,"20603812021016","4.875","72 / 1 oz",".16",
,"3"":Sample Pack:2102-72","Gluten Free New York Cheesecake - 72 piece sample pack",26.10,"20603812021023","4.875","72 / 1 oz",".16",
,"3"":Sample Pack:2103-72","White Chocolate Cheesecake - 72 piece sample pack",26.10,"20603812021030","4.875","72 / 1 oz",".16",
,"3"":Sample Pack:2108-72","Pumpkin Cheesecake - 72 piece sample pack",31.50,"20603812021085","4.875","72 / 1 oz",".16",
,"3"":Sample Pack:2109-72","Very Berry Cheesecake - 72 piece sample pack",31.50,"20603812021092","4.875","72 / 1 oz",".16",
,"3"":Sample Pack:2112-72","Key Lime Cheesecake - 72 piece sample pack",31.50,"20603812021122","4.875","72 / 1 oz",".16",
,"3"":Sample Pack:2117-72","Chocolate Truffle Cheesecake - 72 piece sample pack",31.50,"20603812021177","4.875","72 / 1 oz",".16",
,"3"":Sample Pack:2118-72","EggNog Cheesecake - 72 piece sample pack",31.50,"20603812021184","4.875","72 / 1 oz",".16",
,"3"":Sample Pack:2121-72","Strawberry Cheesecake - 72 piece sample pack",31.50,"20603812021214","4.875","72 / 1 oz",".16",
,"3"":Sample Pack:2130-72","""No Sugar Added"" New York Cheesecake - 72 piece sample pack",17.00,"20603812021306","4.875","72 / 1 oz",".16",
,"3"":Sample Pack:2133-72","Coconut Cheesecake - 72 piece sample pack",31.50,"20603812021337","4.875","72 / 1 oz",".16",
,"3"":Sample Pack:2134-72","Peppermint Swirl Cheesecake - 72 piece sample pack",17.00,"20603812021344","4.875","72 / 1 oz",".16",
,"3"":Sample Pack:2140-72","Hazelnut Mocha Cheesecake - 72 piece sample pack",31.50,"20603812021405","4.875","72 / 1 oz",".16",
,"3"":Sample Pack:2141-72","New York with Almond Roca Cheesecake - 72 piece sample pack",31.50,"20603812021412","4.875","72 / 1 oz",".16",
,"3"":Sample Pack:2142-72","Honey Lavender Cheesecake - 72 piece sample pack",31.50,"20603812021429","4.875","72 / 1 oz",".16",
,"7""",,0.00,,,,,
,"7"":24oz",,0.00,,,,,
,"7"":24oz:7001-1","7"" New York ""Signature"" Cheesecake",6.00,"603812070010",,"1 / 24 oz",,
,"7"":24oz:7001-6","7"" New York ""Signature"" Cheesecake  (6/cs)",33.50,"10603812070017","10.5","6 / 24 oz",,
,"7"":24oz:7002-1","7"" Gluten Free New York Cheesecake",6.00,"603812070027",,"1 / 24 oz",,
,"7"":24oz:7002-6","7"" Gluten Free New York Cheesecake  (6/cs)",33.50,"10603812070024","10.5","6 / 24 oz",,
,"7"":24oz:7003-1","7"" White Chocolate Cheesecake",6.00,"603812070034",,"1 / 24 oz",,
,"7"":24oz:7003-6","7"" White Chocolate Cheesecake (6/cs)",36.50,"10603812070031",,"6 / 24 oz",,
,"7"":24oz:7007-1","7"" Irish Cream Cheesecake",6.00,"603812070072",,"1 / 24 oz",,
,"7"":24oz:7007-6","7"" Irish Cream Cheesecake (6/cs)",38.00,"10603812070079",,"6 / 24 oz",,
,"7"":24oz:7008-1","7"" Pumpkin Cheesecake",6.00,"603812070089",,"1 / 24 oz",,
,"7"":24oz:7008-6","7"" Pumpkin Cheesecake (6/cs)",38.00,"10603812070086",,"6 / 24 oz",,
,"7"":24oz:7009-1","7"" Very Berry Cheesecake",6.00,"603812070096",,"1 / 24 oz",,
,"7"":24oz:7009-6","7"" Very Berry Cheesecake (6/cs)",33.50,"10603812070093",,"6 / 24 oz",,
,"7"":24oz:7010-1","7"" Cajeta Cheesecake",6.00,"603812070102",,"1 / 24 oz",,
,"7"":24oz:7010-6","7"" Cajeta Cheesecake (6/cs)",33.50,"10603812070109",,"6 / 24 oz",,
,"7"":24oz:7012-1","7"" Key Lime Cheesecake",6.00,"603812070126",,"1 / 24 oz",,
,"7"":24oz:7012-6","7"" Key Lime Cheesecake (6/cs)",33.50,"10603812070123",,"6 / 24 oz",,
,"7"":24oz:7016-1","7"" Chocolate (no ganache) Cheesecake",6.00,"603812070164",,"1 / 24 oz",,
,"7"":24oz:7016-6","7"" Chocolate (no ganache) Cheesecake (6/cs)",36.50,"10603812070161",,"6 / 24 oz",,
,"7"":24oz:7017-1","7"" Chocolate Truffle Cheesecake",6.00,"603812070171",,"1 / 24 oz",,
,"7"":24oz:7017-6","7"" Chocolate Truffle Cheesecake (6/cs)",36.50,"10603812070178",,"6 / 24 oz",,
,"7"":24oz:7018-1","7"" EggNog Cheesecake",6.00,"603812070188",,"1 / 24 oz",,
,"7"":24oz:7018-6","7"" EggNog Cheesecake (6/cs)",41.00,"10603812070185",,"6 / 24 oz",,
,"7"":24oz:7021-1","7"" Strawberry Cheesecake",6.00,"603812070218",,"1 / 24 oz",,
,"7"":24oz:7021-6","7"" Strawberry Cheesecake (6/cs)",41.00,"10603812070215",,"6 / 24 oz",,
,"7"":24oz:7023-1","7"" Espresso Cheesecake",6.00,"603812070232",,"1 / 24 oz",,
,"7"":24oz:7023-6","7"" Espresso Cheesecake (6/cs)",36.50,"10603812070239","10.5","6 / 24 oz",".68",
,"7"":24oz:7025-1","7"" Cranberry Orange Walnut Cheesecake",6.00,"603812070256",,"1 / 24 oz",,
,"7"":24oz:7025-6","7"" Cranberry Orange Walnut Cheesecake (6/cs)",41.00,"10603812070253",,"6 / 24 oz",,
,"7"":24oz:7030-1","7"" ""No Sugar Added"" New York Cheesecake",6.00,"603812070300",,"1 / 24 oz",,
,"7"":24oz:7030-6","7"" ""No Sugar Added"" New York Cheesecake (6/cs)",38.00,"10603812070307",,"6 / 24 oz",,
,"7"":24oz:7033-1","7"" Coconut Cheesecake",6.00,"603812070331",,"1 / 24 oz",,
,"7"":24oz:7033-6","7"" Coconut Cheesecake (6/cs)",36.50,"10603812070338","10.5","6 / 24 oz",".68",
,"7"":24oz:7034-1","7"" Peppermint Swirl Cheesecake",6.00,"603812070348",,"1 / 24 oz",,
,"7"":24oz:7034-6","7"" Peppermint Swirl Cheesecake (6/cs)",36.50,"10603812070345","10.5","6 / 24 oz",".68",
,"7"":24oz:7039-1","7"" Fabulous Four Cheesecake Assortment",6.00,"603812070393",,"1 / 24 oz",,
,"7"":24oz:7039-6","7"" Fabulous Four Cheesecake Assortment (6/cs)",36.50,"10603812070390","10.5","6 / 24 oz",".68",
,"7"":24oz:7040-1","7"" Hazelnut Mocha Cheesecake",6.00,"603812070409",,"1 / 24 oz",,
,"7"":24oz:7040-6","7"" Hazelnut Mocha Cheesecake (6/cs)",36.50,"10603812070406","10.5","6 / 24 oz",".68",
,"7"":24oz:7041-1","7"" New York with Almond Roca Cheesecake",6.00,"603812070416",,"1 / 24 oz",,
,"7"":24oz:7041-6","7"" New York with Almond Roca Cheesecake (6/cs)",36.50,"10603812070413","10.5","6 / 24 oz",".68",
,"7"":24oz:7042-1","7"" Lavender Honey Cheesecake",6.00,"603812070423",,"1 / 24 oz",,
,"7"":24oz:7042-6","7"" Lavender Honey Cheesecake (6/cs)",36.50,"10603812070420","10.5","6 / 24 oz",".68",
,"7"":24oz:7043-1","7"" Festive Four Cheesecake Assortment",6.00,"603812070430",,"1 / 24 oz",,
,"7"":24oz:7043-6","7"" Festive Four Cheesecake Assortment (6/cs)",36.50,"10603812070437","10.5","6 / 24 oz",".68",
,"7"":24oz:7044-1","7"" Caramel Apple Cheesecake",6.00,"603812070447",,"1 / 24 oz",,
,"7"":24oz:7044-6","7"" Caramel Apple Cheesecake (6/cs)",36.50,"10603812070444","10.5","6 / 24 oz",".68",
,"7"":24oz:7100","BRAVO Cakes",5.16,,,,,
,"7"":24oz - CDN",,0.00,,,,,
,"7"":24oz - CDN:5039-1","7"" Fabulous Four Cheesecake Assortment",6.00,"603812050395",,"1 / 680 g",,
,"7"":24oz - CDN:5039-6","7"" Fabulous Four Cheesecake Assortment (6/cs)",36.50,"10603812050392","10.5","6 / 680 g",".75",
,"7"":24oz - CDN:5043-1","7"" Festive Four Cheesecake Assortment",6.00,"603812050432",,"1 / 680 g",,
,"7"":24oz - CDN:5043-6","7"" Festive Four Cheesecake Assortment (6/cs)",36.50,"10603812050439","10.5","6 / 680 g",".75",
,"7"":24oz NO LABEL(labels in box)",,0.00,,,,,
,"7"":24oz NO LABEL(labels in box):8001-1","7"" New York ""Signature"" Cheesecake - NO LABEL",6.00,"603812080019",,"1 / 24 oz",,
,"7"":24oz NO LABEL(labels in box):8001-6","7"" New York ""Signature"" Cheesecake - NO LABEL  (6/cs)",33.50,"10603812080016","10.5","6 / 24 oz",,"Place Labels In Box"
,"7"":24oz NO LABEL(labels in box):8008-1","7"" Pumpkin Cheesecake - NO LABEL",6.00,"603812080088",,"1 / 24 oz",,
,"7"":24oz NO LABEL(labels in box):8008-6","7"" Pumpkin Cheesecake - NO LABEL (6/cs)",38.00,"10603812080085",,"6 / 24 oz",,
,"7"":24oz NO LABEL(labels in box):8016-1","7"" Chocolate Truffle (w/o Ganache) Cheesecake - NO LABEL",6.00,"603812080163",,"1 / 24 oz",,
,"7"":24oz NO LABEL(labels in box):8016-6","7"" Chocolate Truffle Cheesecake (w/o Ganache) - NO LABEL (6/cs)",38.00,"10603812080160",,"6 / 24 oz",,
,"7"":32 oz",,0.00,,,,,
,"7"":32 oz:27001-1","7"" New York ""Signature"" Cheesecake",9.00,"603812270014",,"1 / 32 oz",,
,"7"":32 oz:27001-6","7"" New York ""Signature"" Cheesecake (6/cs)",36.90,"10603812270011","13.5","6 / 32 oz",".75",
,"7"":32 oz:27002-1","7"" Gluten Free New York Cheesecake",9.00,"603812270021",,"1 / 32 oz",,
,"7"":32 oz:27002-6","7"" Gluten Free New York Cheesecake (6/cs)",39.12,"10603812270028","13.5","6 / 32 oz",".75",
,"7"":32 oz:27003-1","7"" White Chocolate Raspberry Cheesecake",9.50,"603812270038",,"1 / 32 oz",,
,"7"":32 oz:27003-6","7"" White Chocolate Raspberry Cheesecake (6/cs)",36.90,"10603812270035","13.5","6 / 32 oz",".75",
,"7"":32 oz:27004-1","7"" Gluten Free Chocolate Truffle Cheesecake",9.50,"603812270045",,"1 / 32 oz",,
,"7"":32 oz:27004-6","7"" Gluten Free Chocolate Truffle Cheesecake (6/cs)",39.12,"10603812270042","13.5","6 / 32 oz",".75",
,"7"":32 oz:27005-1","7"" Gluten Free Tuxedo Cheesecake",9.50,"603812270052",,"1 / 32 oz",,
,"7"":32 oz:27005-6","7"" Gluten Free Tuxedo Cheesecake (6/cs)",39.12,"10603812270059","13.5","6 / 32 oz",".75",
,"7"":32 oz:27006-1","7"" Gluten Free Pumpkin Cheesecake",9.50,"603812270069",,"1 / 32 oz",,
,"7"":32 oz:27006-6","7"" Gluten Free Pumpkin Cheesecake (6/cs)",39.12,"10603812270066","13.5","6 / 32 oz",".75",
,"7"":32 oz:27007-1","7"" Irish Cream Cheesecake",9.50,"603812270076",,"1 / 32 oz",,
,"7"":32 oz:27007-6","7"" Irish Cream Cheesecake (6/cs)",36.90,"10603812270075","13.5","6 / 32 oz",".75",
,"7"":32 oz:27008-1","7"" Pumpkin Cheesecake",9.50,"603812270083",,"1 / 32 oz",,
,"7"":32 oz:27008-6","7"" Pumpkin Cheesecake (6/cs)",36.90,"10603812270080","13.5","6 / 32 oz",".75",
,"7"":32 oz:27009-1","7"" Very Berry Cheesecake",9.50,"603812270090",,"1 / 32 oz",,
,"7"":32 oz:27009-6","7"" Very Berry Cheesecake (6/cs)",36.90,"10603812270097","13.5","6 / 32 oz",".75",
,"7"":32 oz:27010-1","7"" Cajeta Cheesecake",9.50,"603812270106",,"1 / 32 oz",,
,"7"":32 oz:27010-6","7"" Cajeta Cheesecake (6/cs)",36.90,"10603812270103","13.5","6 / 32 oz",".75",
,"7"":32 oz:27012-1","7"" Key Lime Cheesecake",9.50,"603812270120",,"1 / 32 oz",,
,"7"":32 oz:27012-6","7"" Key Lime Cheesecake (6/cs)",36.90,"10603812270127","13.5","6 / 32 oz",".75",
,"7"":32 oz:27013-1","7"" Gluten Free Strawberry Cheesecake",9.50,"603812270137",,"1 / 32 oz",,
,"7"":32 oz:27013-6","7"" Gluten Free Strawberry Cheesecake (6/cs)",36.90,"10603812270134","13.5","6 / 32 oz",".75",
,"7"":32 oz:27014-1","7"" Pumpkin Cheesecake with Graham Crust",9.50,"603812270144",,"1 / 32 oz",,
,"7"":32 oz:27014-6","7"" Pumpkin Cheesecake with Graham Crust (6/cs)",36.90,"10603812270141","13.5","6 / 32 oz",".75",
,"7"":32 oz:27015-1","7"" Pumpkin Chocolate Chip Cheesecake",9.50,"603812270151",,"1 / 32 oz",,
,"7"":32 oz:27015-6","7"" Pumpkin Chocolate Chip Cheesecake (6/cs)",36.90,"10603812270158","13.5","6 / 32 oz",".75",
,"7"":32 oz:27017-1","7"" Chocolate Truffle Cheesecake",9.50,"603812270175",,"1 / 32 oz",,
,"7"":32 oz:27017-6","7"" Chocolate Truffle Cheesecake (6/cs)",36.90,"10603812270172","13.5","6 / 32 oz",".75",
,"7"":32 oz:27018-1","7"" Egg Nog Cheesecake",9.50,"603812270182",,"1 / 32 oz",,
,"7"":32 oz:27018-6","7"" Egg Nog Cheesecake (6/cs)",36.90,"10603812270189","13.5","6 / 32 oz",".75",
,"7"":32 oz:27019-1","7"" Tuxedo Cheesecake",9.50,"603812270199",,"1 / 32 oz",,
,"7"":32 oz:27019-6","7"" Tuxedo Cheesecake (6/cs)",39.12,"10603812270196","13.5","6 / 32 oz",".75",
,"7"":32 oz:27021-1","7"" Strawberry Cheesecake",9.50,"603812270212",,"1 / 32 oz",,
,"7"":32 oz:27021-6","7"" Strawberry Cheesecake (6/cs)",36.90,"10603812270219","13.5","6 / 32 oz",".75",
,"7"":32 oz:27023-1","7"" Espresso Cheesecake",9.50,"603812270236",,"1 / 32 oz",,
,"7"":32 oz:27023-6","7"" Espresso Cheesecake (6/cs)",36.90,"10603812270233","13.5","6 / 32 oz",".75",
,"7"":32 oz:27025-1","7"" Cranberry Orange Walnut Cheesecake",9.50,"603812270250",,"1 / 32 oz",,
,"7"":32 oz:27025-6","7"" Cranberry Orange Walnut Cheesecake (6/cs)",36.90,"10603812270257","13.5","6 / 32 oz",".75",
,"7"":32 oz:27029-1","7"" Turtle Cheesecake",9.50,"603812270298",,"1 / 32 oz",,
,"7"":32 oz:27029-6","7"" Turtle Cheesecake (6/cs)",36.90,"10603812270295","13.5","6 / 32 oz",".75",
,"7"":32 oz:27030-1","7"" ""No Sugar Added"" New York Cheesecake",9.50,"603812270304",,"1 / 32 oz",,
,"7"":32 oz:27030-6","7"" ""No Sugar Added"" New York Cheesecake (6/cs)",39.12,"10603812270301","13.5","6 / 32 oz",".75",
,"7"":32 oz:27031-1","7"" ""No Sugar Added"" Chocolate Truffle Cheesecake",9.50,"603812270311",,"1 / 32 oz",,
,"7"":32 oz:27031-6","7"" ""No Sugar Added"" Chocolate Truffle Cheesecake (6/cs)",39.12,"10603812270318","13.5","6 / 32 oz",".75",
,"7"":32 oz:27032-1","7"" ""No Sugar Added"" Tuxedo Cheesecake",9.50,"603812270328",,"1 / 32 oz",,
,"7"":32 oz:27032-6","7"" ""No Sugar Added"" Tuxedo Cheesecake (6/cs)",39.12,"10603812270325","13.5","6 / 32 oz",".75",
,"7"":32 oz:27033-1","7"" Coconut Cheesecake",9.50,"603812270335",,"1 / 32 oz",,
,"7"":32 oz:27033-6","7"" Coconut Cheesecake (6/cs)",36.90,"10603812270332","13.5","6 / 32 oz",".75",
,"7"":32 oz:27034-1","7"" Peppermint Swirl Cheesecake",9.50,"603812270342",,"1 / 32 oz",,
,"7"":32 oz:27034-6","7"" Peppermint Swirl Cheesecake (6/cs)",36.90,"10603812270349","13.5","6 / 32 oz",".75",
,"7"":32 oz:27035-1","7"" Lemon Drop Cheesecake",9.50,"603812270359",,"1 / 32 oz",,
,"7"":32 oz:27035-6","7"" Lemon Drop Cheesecake (6/cs)",36.90,"10603812270356","13.5","6 / 32 oz",".75",
,"7"":32 oz:27036-1","7"" ""No Sugar Added"" Pumpkin Cheesecake",9.50,"603812270366",,"1 / 32 oz",,
,"7"":32 oz:27036-6","7"" ""No Sugar Added"" Pumpkin Cheesecake (6/cs)",39.12,"10603812270363","13.5","6 / 32 oz",".75",
,"7"":32 oz:27039-1","7"" Fabulous 4 Cheesecake Assortment",9.50,"603812270397",,"1 / 32 oz",,
,"7"":32 oz:27039-6","7"" Fabulous 4 Cheesecake Assortment (6/cs)",39.12,"10603812270394","13.5","6 / 32 oz",".75",
,"7"":32 oz:27040-1","7"" Hazelnut Mocha Cheesecake",9.50,"603812270403",,"1 / 32 oz",,
,"7"":32 oz:27040-6","7"" Hazelnut Mocha Cheesecake (6/cs)",36.90,"10603812270400","13.5","6 / 32 oz",".75",
,"7"":32 oz:27041-1","7"" New York with Almond Roca Cheesecake",9.50,"603812270410",,"1 / 32 oz",,
,"7"":32 oz:27041-6","7"" New York with Almond Roca Cheesecake (6/cs)",36.90,"10603812270417","13.5","6 / 32 oz",".75",
,"7"":32 oz:27042-1","7"" Honey Lavender Cheesecake",9.50,"603812270427",,"1 / 32 oz",,
,"7"":32 oz:27042-6","7"" Honey Lavender Cheesecake (6/cs)",36.90,"10603812270424","13.5","6 / 32 oz",".75",
,"7"":32 oz:27043-1","7"" Festive Four Cheesecake Assortment",9.50,"603812270434",,"1 / 32 oz",,
,"7"":32 oz:27043-6","7"" Festive Four Cheesecake Assortment (6/cs)",39.12,"10603812270431","13.5","6 / 32 oz",".75",
,"7"":32 oz:27044-1","7"" Caramel Apple Cheesecake",9.50,"603812270441",,"1 / 32 oz",,
,"7"":32 oz:27044-6","7"" Caramel Apple Cheesecake (6/cs)",36.90,"10603812270448","13.5","6 / 32 oz",".75",
,"7"":32 oz:27045-1","7"" Chocolate Necessities Cheesecake",7.00,"603812270458",,"1 / 32 oz",,
,"7"":32 oz:27045-6","7"" Chocolate Necessities Cheesecake (6/cs)",36.90,"10603812270455","13.5","6 / 32 oz",".75",
,"7"":32 oz:27046-1","7"" Fiesta Four Cheesecake Assortment",9.50,"603812270465",,"1 / 32 oz",,
,"7"":32 oz:27046-6","7"" Fiesta Four Cheesecake Assortment (6/cs)",39.12,"10603812270462","13.5","6 / 32 oz",".75",
,"7"":32 oz:27047-1","7"" Huckleberry Cheesecake",9.50,"603812270472",,"1 / 32 oz",,
,"7"":32 oz:27047-6","7"" Huckleberry Cheesecake (6/cs)",36.90,"10603812270479","13.5","6 / 32 oz",".75",
,"7"":32 oz:27048-1","7"" Seasonal Four Cheesecake Assortment (Sprouts)",9.50,"603812270489",,"1 / 32 oz",,
,"7"":32 oz:27048-6","7"" Seasonal Four Cheesecake Assortment (Sprouts) (6/cs)",39.12,"10603812270486","13.5","6 / 32 oz",".75",
,"7"":32 oz:27049-1","7"" Peanut Cheesecake",9.50,"603812270496",,"1 / 32 oz",,
,"7"":32 oz:27049-6","7"" Peanut Cheesecake (6/cs)",39.12,"10603812270493","13.5","6 / 32 oz",".75",
,"7"":32 oz:27051-1","7"" New York ""Classic"" Cheesecake",9.00,"603812270519",,"1 / 32 oz",,
,"7"":32 oz:27051-6","7"" New York ""Classic"" Cheesecake (6/cs)",36.90,"10603812270516","13.5","6 / 32 oz",".75",
,"7"":32 oz:27052-1","7"" ""Best of Western"" Cheesecake",9.00,"603812270526",,"1 / 32 oz",,
,"7"":32 oz:27052-6","7"" ""Best of Western"" Cheesecake (6/cs)",36.90,"10603812270523","13.5","6 / 32 oz",".75",
,"7"":32 oz:27053-1","7"" FIGI 4 Flavor Assortment Cheesecake (NY/LM/SB/CT)",9.00,"603812270533",,"1 / 32 oz",,
,"7"":32 oz - CDN",,0.00,,,,,
,"7"":32 oz - CDN:25039-1","7"" Fabulous 4 Cheesecake Assortment",9.50,"603812250399",,"1 / 907 g",,
,"7"":32 oz - CDN:25039-6","7"" Fabulous 4 Cheesecake Assortment (6/cs)",39.12,"10603812250396","13.5","6 / 907 g",".75",
,"7"":32 oz - CDN:25043-1","7"" Festive Four Holiday Cheesecake Assortment",9.50,"603812250436",,"1 / 907 g",,
,"7"":32 oz - CDN:25043-6","7"" Festive Four Holiday Cheesecake Assortment (6/cs)",39.12,"10603812250433","13.5","6 / 907 g",".75",
,"7"":32 oz - Customer Specific Pack",,0.00,,,,,
,"7"":32 oz NO LABEL",,0.00,,,,,
,"7"":32 oz NO LABEL:28001-1","7"" New York ""Signature"" Cheesecake (No Label)",9.00,"603812280013",,"1 / 32 oz",,
,"7"":32 oz NO LABEL:28001-6","7"" New York ""Signature"" Cheesecake (No Label)  (6/cs)",35.76,"10603812280010","13.5","6 / 32 oz",".75",
,"7"":32 oz NO LABEL:28008-1","7"" Pumpkin Cheesecake (No Label)",9.00,"603812280082",,"1 / 32 oz",,
,"7"":32 oz NO LABEL:28008-6","7"" Pumpkin Cheesecake (No Label) (6/cs)",35.76,"10603812280089","13.5","6 / 32 oz",".75",
,"7"":32 oz NO LABEL:28009-1","7"" Very Berry Cheesecake (No Label)",9.50,"603812280099",,"1 / 32 oz",,
,"7"":32 oz NO LABEL:28009-6","7"" Very Berry Cheesecake (No Label) (6/cs)",35.76,"10603812280096","13.5","6 / 32 oz",".75",
,"7"":32 oz NO LABEL:28017-1","7"" Chocolate Truffle Cheesecake (No Label)",9.50,"603812280174",,"1 / 32 oz",,
,"7"":32 oz NO LABEL:28017-6","7"" Chocolate Truffle Cheesecake (No Label)  (6/cs)",35.76,"10603812280171","13.5","6 / 32 oz",".75",
,"7"":32 oz NO LABEL:28030-1","7"" ""No Sugar Added"" New York Cheesecake (No Label)",9.50,"603812280303",,"1 / 32 oz",,
,"7"":32 oz NO LABEL:28030-6","7"" ""No Sugar Added"" New York Cheesecake (No Label) (6/cs)",37.76,"10603812280300","13.5","6 / 32 oz",".75",
,"7"":32 oz NO LABEL:28039-1","7"" Fabulous 4 Cheesecake Assortment (No Label)",9.50,"603812280396",,"1 / 32 oz",,
,"7"":32 oz NO LABEL:28039-6","7"" Fabulous 4 Cheesecake Assortment (No Label) (6/cs)",39.12,"10603812280393","13.5","6 / 32 oz",".75",
,"7"":32 oz NO LABEL:28043-1","7"" Festive Four Holiday Cheesecake Assortment (No Label)",9.50,"603812280433",,"1 / 32 oz",,
,"7"":32 oz NO LABEL:28043-6","7"" Festive Four Holiday Cheesecake Assortment (No Label) (6/cs)",39.12,"10603812280430","13.5","6 / 32 oz",".75",
,"7"":32 oz NO LABEL:28046-1","7"" Fiesta Four Cheesecake Assortment (No Label)",9.50,"603812280464",,"1 / 32 oz",,
,"7"":32 oz NO LABEL:28046-6","7"" Fiesta Four Cheesecake Assortment (No Label) (6/cs)",37.76,"10603812280461","13.5","6 / 32 oz",".75",
,"9""",,0.00,,,,,
,"9"":12 Slice",,0.00,,,,,
,"9"":12 Slice:91210-1","9"" Cajeta Cheesecake, 12 Slices",19.04,"00603812912105","5.1","1 / 80 oz",".16",
,"9"":12 Slice:91211-1","9"" Pumpkin Layered Cheesecake, 12 Slices",19.04,"00603812912112","5.1","1 / 80 oz",".16",
,"9"":12 Slice:91242-1","9"" Honey Lavender Cheesecake, 12 Slices",19.04,"00603812912426","5.1","1 / 80 oz",".16",
,"9"":12 Slice:91247-1","9"" Huckleberry Cheesecake, 12 Slices",19.04,"00603812912471","5.1","1 / 80 oz",".16",
,"9"":14 Slice",,0.00,,,,,
,"9"":14 Slice:1401-1","9"" New York ""Signature"" Cheesecake, 14 slices",19.04,"00603812014014","4.1","1 / 64 oz",".16",
,"9"":14 Slice:1417-1","9"" Chocolate Truffle Cheesecake, 14 Slices",19.04,"00603812014175","4.1","1 / 64 oz",".16",
,"9"":14 Slice:1451-1","9"" New York Cheesecake, Hi-Profile, 14 slice..",28.00,"00603812014519","5.1","1 / 80 oz",".16",
,"9"":14 slice new",,0.00,,,,,
,"9"":14 slice new:91401-1","9"" New York ""Signature"" Cheesecake, 14 slices",19.04,"00603812914017","4.1","1 / 64 oz",".16",
,"9"":14 slice new:91401-2","9"" New York ""Signature"" Cheesecake, 28 slices",19.04,"10603812914014","8.2","28 / 4.6 oz",".34",
,"9"":16 Slice",,0.00,,,,,
,"9"":16 Slice:1600","Blank",17.95,,"4.1","1 / 64 oz",".16",
,"9"":16 Slice:1601-1","9"" New York ""Signature"" Cheesecake, 16 Slices",19.04,"00603812016018","4.1","1 / 64 oz",".16",
,"9"":16 Slice:1603-1","9"" White Chocolate Cheesecake, 16 Slices",19.04,"00603812016032","4.1","1 / 64 oz",".16",
,"9"":16 Slice:1608-1","9"" Pumpkin Cheesecake, 16 Slices",19.04,"00603812016087","4.1","1 / 64 oz",".16",
,"9"":16 Slice:1609-1","9"" Very Berry Cheesecake, 16 Slices",19.04,"00603812016094","4.1","1 / 64 oz",".16",
,"9"":16 Slice:1610-1","9"" Cajeta Swirl Cheesecake, 16 Slices",19.04,"00603812016100","4.1","1 / 64 oz",".16",
,"9"":16 Slice:1612-1","9"" Key Lime Cheesecake, 16 Slices",19.04,"00603812016124","4.1","1 / 64 oz",".16",
,"9"":16 Slice:1617-1","9"" Chocolate Truffle Cheesecake, 16 Slices",19.04,"00603812016179","4.1","1 / 64 oz",".16",
,"9"":16 Slice:1618-1","9"" Egg Nog Cheesecake, 16 Slices",19.04,"00603812016186","4.1","1 / 64 oz",".16",
,"9"":16 Slice:1620-1","9"" Cheesecake Sampler,16 Slice",19.04,"00603812016209","4.1","1 / 64 oz",".16",
,"9"":16 Slice:1621-1","9"" Strawberry Cheesecake, 16 Slice",19.04,"00603812016216","4.1","1 / 64 oz",".16",
,"9"":16 Slice:1623-1","9"" Colombian Espresso Cheesecake, 16 Slices",19.04,"00603812016230","4.1","1 / 64 oz",".16",
,"9"":16 Slice:1625-1","9"" Cranberry Orange Walnut, 16 Slices",19.04,"00603812016254","4.1","1 / 64 oz",".16",
,"9"":16 Slice:1630-1","9"" ""No Sugar Added"" New York Cheesecake, 16 slices",20.26,"00603812016308","4.1","1 / 64 oz",".16",
,"9"":16 Slice:1633-1","9"" Coconut Cheesecake, 16 Slice",19.04,"00603812016339","4.1","1 / 64 oz",".16",
,"9"":16 Slice:1634-1","9"" Peppermint Swirl Cheesecake, 16 Slice",19.04,"00603812016346","4.1","1 / 64 oz",".16",
,"9"":16 Slice:1640-1","9"" Hazelnut Mocha Cheesecake, 16 Slice",19.04,"00603812016407","4.1","1 / 64 oz",".16",
,"9"":16 Slice:1641-1","9"" New York Almond Roca Cheesecake, 16 Slice",19.04,"00603812016414","4.1","1 / 64 oz",".16",
,"9"":16 Slice:1642-1","9"" Honey Lavender Cheesecake, 16 Slice",19.04,"00603812016421","4.1","1 / 64 oz",".16",
,"9"":16 Slice:1644-1","9"" Caramel Apple Cheesecake, 16 Slice",19.04,"00603812016445","4.1","1 / 64 oz",".16",
,"9"":16 Slice:1645-1","9"" Chocolate Necessities Cheesecake, 16 Slice",19.04,"00603812016452","4.1","1 / 64 oz",".16",
,"9"":16 Slice:1646-1","9"" Festive Selection Cheesecake, 16 Slice..(2 slices each of Pumpkin, Egg Nog, White Chocolate, ...",19.04,"00603812016469","4.1","1 / 64 oz",".16",
,"9"":16 Slice:1651-1","9"" New York ""Classic"" Cheesecake, 16 Slices",19.04,"00603812016513","4.1","1 / 64 oz",".16",
,"9"":16 Slice:1652-1","9"" Variety Cheesecake (NY/CT/HB/CS), 16 Slices",19.04,"00603812016520","4.1","1 / 64 oz",".16",
,"9"":16 slice New",,0.00,,,,,
,"9"":16 slice New:91601-1","9"" New York ""Signature"" Cheesecake, 16 Slices",19.04,"00603812916011","4.1","1 / 64 oz",".16",
,"9"":16 slice New:91601-2","9"" New York ""Signature"" Cheesecake, 32 Slices",19.04,"10603812916018","9","36 / 4 oz",".34",
,"9"":16 slice New:91602-1","9"" Gluten Free New York Cheesecake, 16 Slices",19.04,"00603812916028","4.1","1 / 64 oz",".16",
,"9"":16 slice New:91603-1","9"" White Chocolate Cheesecake, 16 Slices",19.04,"00603812916035","4.1","1 / 64 oz",".16",
,"9"":16 slice New:91603-2","9"" White Chocolate Cheesecake, 32 Slices",19.04,"10603812916032","9","36 / 4 oz",".34",
,"9"":16 slice New:91608-1","9"" Pumpkin Cheesecake, 16 Slices",19.04,"00603812916080","4.1","1 / 64 oz",".16",
,"9"":16 slice New:91608-2","9"" Pumpkin Cheesecake, 32 Slices",19.04,"10603812916087","9","36 / 4 oz",".34",
,"9"":16 slice New:91609-1","9"" Very Berry Cheesecake, 16 Slices",19.04,"00603812916097","4.1","1 / 64 oz",".16",
,"9"":16 slice New:91609-2","9"" Very Berry Cheesecake, 32 Slices",19.04,"10603812916094","9","36 / 4 oz",".34",
,"9"":16 slice New:91610-1","9"" Cajeta Swirl Cheesecake, 16 Slices",19.04,"00603812916103","4.1","1 / 64 oz",".16",
,"9"":16 slice New:91610-2","9"" Cajeta Swirl Cheesecake, 32 Slices",19.04,"10603812916100","9","36 / 4 oz",".34",
,"9"":16 slice New:91612-1","9"" Key Lime Cheesecake, 16 Slices",19.04,"00603812916127","4.1","1 / 64 oz",".16",
,"9"":16 slice New:91612-2","9"" Key Lime Cheesecake, 32 Slices",19.04,"10603812916124","9","36 / 4 oz",".34",
,"9"":16 slice New:91617-1","9"" Chocolate Truffle Cheesecake, 16 Slices",19.04,"0060381216172","4.1","1 / 64 oz",".16",
,"9"":16 slice New:91617-2","9"" Chocolate Truffle Cheesecake, 32 Slices",19.04,"10603812916179","9","36 / 4 oz",".34",
,"9"":16 slice New:91621-1","9"" Strawberry Cheesecake, 16 Slice",19.04,"00603812916219","4.1","1 / 64 oz",".16",
,"9"":16 slice New:91621-2","9"" Strawberry Cheesecake, 32 slices",19.04,"10603812916211","9","36 / 4 oz",".34",
,"9"":16 slice New:91652-1","9"" New York w/Sour Cream Layered Cheesecake, 16 Slices",19.04,"00603812916523","4.1","1 / 64 oz",".16",
,"9"":16 slice New:91652-2","9"" New York w/Sour Cream Layered Cheesecake, 32 Slices",19.04,"10603812916520","9","36 / 4 oz",".34",
,"Crust",,0.00,,,,,
,"Crust:20","Chocolate Crust",0.00,,,,,
,"Demand Organics",,0.00,,,,,
,"DSD",,0.00,,,,,
,"DSD:1/4 Sheet Bar",,0.00,,,,,
,"DSD:1/4 Sheet Bar:810-1","Trail Mix Bar (1/4 sheet)",14.64,"603812008105",,,,
,"DSD:1/4 Sheet Bar:810-2","Trail Mix Bar (1/4 sheet) (2/cs)",29.28,"10603812008102",,,,
,"DSD:1/4 Sheet Bar:811-1","Cinnamon Apple Bar (1/4 sheet)",1.00,"603812008112",,,,
,"DSD:1/4 Sheet Bar:811-2","Cinnamon Apple Bar (1/4 sheet)(2/cs)",19.44,"10603812008119",,,,
,"DSD:1/4 Sheet Bar:812-1","White Chocolate Cranberry Bar (1/4 sheet)",14.62,"603812008129",,,,
,"DSD:1/4 Sheet Bar:812-2","White Chocolate Cranberry Bar (1/4 sheet)(2/cs)",29.24,"10603812008126",,,,
,"DSD:1/4 Sheet Bar:813-1","Pumpkin Hazelnut Bar (1/4 sheet)",1.00,"603812008136",,,,
,"DSD:1/4 Sheet Bar:813-2","Pumpkin Hazelnut Bar (1/4 sheet)(2/cs)",26.89,"10603812008133",,,,
,"DSD:520-1","Crispy Rice Square",1.00,"603812005203",,"1 / 2.5 oz",,
,"DSD:520-6","Crispy Rice Square (6/cs)",6.00,"10603812005200","2","6 / 3.0 oz",".21",
,"DSD:521-1","Hazelnut Pumpkin Slice",1.25,"603812005210",,"1 / 3.5 oz",,
,"DSD:522-1","White Chocolate Cranberry Bar",1.25,"603812005227",,"1 / 4 oz",,
,"DSD:523-1","Cheesecake Brownie",1.25,"603812005234",,"1 / 4.0 oz",,
,"DSD:523-6","Cheesecake Brownie (6/cs)",7.50,"10603812005231","3","6 / 4.0 oz",,
,"DSD:524-1","Future",1.25,,,"1 / 4.0 oz",,
,"DSD:525-1","Future",1.25,,,"1 / 4.0 oz",,
,"DSD:526-1","Future",7.50,,,,,
,"DSD:527-1","Future",7.50,,,,,
,"DSD:530-5","Muffin and Scone Sampler",0.00,"603812005302",,"1 / 3.5 oz",,
,"DSD:Bagel",,0.00,,,,,
,"DSD:Bagel:710-4","White Bagels (4/bag)",2.00,"10603812007105",,"4 /",,
,"DSD:Bagel:711-4","Wheat Bagels (4/bag)",2.00,"10603812007112",,"4 /",,
,"DSD:Bagel:712-4","Sesame Bagels (4/bag)",2.00,"10603812007129",,"4 /",,
,"DSD:Bagel:713-4","Everything Bagels (4/bag)",2.00,"10603812007136",,"4 /",,
,"DSD:Bagel:714-4","Cinnamon Bagels (4/bag)",2.00,"10603812007143",,"4 /",,
,"DSD:Bagel:715-1","Future",2.00,,,"4 /",,
,"DSD:Bagel:716-1","Future",2.00,,,"4 /",,
,"DSD:Bagel:717-1","Future",2.00,,,"4 /",,
,"DSD:Cookie",,0.00,,,,,
,"DSD:Cookie:610-1","Trail Mix Cookie",1.00,"603812006101",".25","1 / 3 oz",,
,"DSD:Cookie:610-6","Trail Mix Cookie (6/cs)",6.00,"10603812006108","2","6 / 3 oz",".21",
,"DSD:Cookie:614-1","Chocolate Chip Cookie",1.00,"603812006149",".25","1 / 3 oz",,
,"DSD:Cookie:614-6","Chocolate Chip Cookie (6/cs)",6.00,"10603812006146","2","6 / 3 oz",".21",
,"DSD:Cookie:615-1","White Chocolate Macadamia Cookie",1.00,"603812006156",".25","1 / 3 oz",,
,"DSD:Cookie:615-6","White Chocolate Macadamia Cookie (6/cs)",6.00,"10603812006153","2","6 / 3 oz",".21",
,"DSD:Cookie:617-1","Peanut Butter Cookie",1.00,"603812006170",".25","1 / 3 oz",,
,"DSD:Cookie:617-6","Peanut Butter Cookie (6/cs)",6.00,"10603812006177","2","6 / 3 oz",".21",
,"DSD:Cookie:618-1","Oatmeal Raisin Cookie",1.00,"603812006187",".25","1 / 3 oz",,
,"DSD:Cookie:618-6","Oatmeal Raisin Cookie (6/cs)",6.00,"10603812006184","2","6 / 3 oz",".21",
,"DSD:Cookie:619-1","Future",1.00,,".25","1 / 3 oz",,
,"DSD:Cookie:620-1","Future",1.00,,".25","1 / 3 oz",,
,"DSD:Muffin",,0.00,,,,,
,"DSD:Muffin:Big Top",,0.00,,,,,
,"DSD:Muffin:Big Top:340-1","Banana Bonanza",1.25,"603812003407",".35","1 / 5.5 oz",,
,"DSD:Muffin:Big Top:340-6","Banana Bonanza Muffin (6/cs)",7.50,"10603812003404","3","6 / 5.5 oz",".21",
,"DSD:Muffin:Big Top:342-1","Lemon Poppy Sunshine",1.25,"603812003421",".35","1 / 5.5 oz",,
,"DSD:Muffin:Big Top:342-6","Lemon Poppy Sunshine Muffin (6/cs)",7.50,"10603812003428","3","6 / 5.5 oz",".21",
,"DSD:Muffin:Big Top:344-1","Raspberry Alarm",1.25,"603812003445",".35","1 / 5.5 oz",,
,"DSD:Muffin:Big Top:344-6","Raspberry Alarm Muffin (6/cs)",7.50,"10603812003442","3","6 / 5.5 oz",".21",
,"DSD:Muffin:Big Top:345-1","Blue Berry Buzz",1.25,"603812003452",".35","1 / 5.5 oz",,
,"DSD:Muffin:Big Top:345-6","Blue Berry Buzz Muffin (6/cs)",7.50,"10603812003459","3","6 / 5.5 oz",".21",
,"DSD:Muffin:Big Top:346-1","Double Chocolate Chip",1.25,"603812003469",".35","1 / 5.5 oz",,
,"DSD:Muffin:Big Top:346-6","Double Chocolate Chip Muffin (6/cs)",7.50,"10603812003466","3","6 / 5.5 oz",".21",
,"DSD:Muffin:Big Top:347-1","Apple Bran-tastic Muffin",1.25,"603812003476",".35","1 / 5.5 oz",,
,"DSD:Muffin:Big Top:348-1","Pumpkin Cheesecake Muffin",1.25,"603812003483",".35","1 / 5.5 oz",,
,"DSD:Muffin:Big Top:348-6","Pumpkin Cheesecake Muffin (6/cs)",7.50,"10603812003480","3","6 / 5.5 oz",".21",
,"DSD:Muffin:Big Top:349-1","Future",1.25,,,,,
,"DSD:Muffin:Big Top:350-6","Big Top Muffin Assortment (6/cs)",7.50,"10603812003503","3","6 / 5.5 oz",".21",
,"DSD:Muffin:Big Top:351-1","Future",1.25,,,,,
,"DSD:Muffin:Big Top:352-1","Future",1.25,,,,,
,"DSD:Muffin:Tulip",,0.00,,,,,
,"DSD:Muffin:Tulip:360-1","Banana Bonanza (Tulip)",1.00,"603812003605",".22","1 / 3.5 oz",,
,"DSD:Muffin:Tulip:360-20","Banana Bonanza (Tulip) (20/cs)",19.00,"10603812003602","4.75","20 / 3.5 oz",".45",
,"DSD:Muffin:Tulip:362-1","Lemon Poppy Sunshine (Tulip)",1.00,"603812003629","22","1 / 3.5 oz",,
,"DSD:Muffin:Tulip:362-20","Lemon Poppy Sunshine (Tulip) (20/cs)",19.00,"10603812003626","4.75","20 / 3.5 oz",".45",
,"DSD:Muffin:Tulip:364-1","Raspberry Alarm (Tulip)",1.00,"603812003643",".22","1 / 3.5 oz",,
,"DSD:Muffin:Tulip:364-20","Raspberry Alarm (Tulip) (20/cs)",19.00,"10603812003640","4.75","20 / 3.5 oz",".45",
,"DSD:Muffin:Tulip:365-1","Blue Berry Buzz (Tulip)",1.00,"603812003650",".22","1 / 3.5 oz",,
,"DSD:Muffin:Tulip:365-20","Blue Berry Buzz (Tulip) (20/cs)",19.00,"10603812003657","4.75","20 / 3.5 oz",".45",
,"DSD:Muffin:Tulip:366-1","Double Chocolate Chip (Tulip)",1.00,"603812003667",".22","1 / 3.5 oz",,
,"DSD:Muffin:Tulip:366-20","Double Chocolate Chip (Tulip) (20/cs)",19.00,"10603812003664","4.75","20 / 3.5 oz",".45",
,"DSD:Muffin:Tulip:367-1","Apple Bran-tastic (Tulip)",1.00,"603812003674",".22","1 / 3.5 oz",,
,"DSD:Muffin:Tulip:367-20","Apple Bran-tastic (Tulip) (20/cs)",19.00,"10603812003671","4.75","20 / 3.5 oz",".45",
,"DSD:Muffin:Tulip:368-1","Pumpkin Cheesecake (Tulip)",0.80,"603812003681",".22","1 / 3.5 oz",,
,"DSD:Muffin:Tulip:368-20","Pumpkin Cheesecake (Tulip) (20/cs)",19.00,"10603812003688","4.75","20 / 3.5 oz",".45",
,"DSD:Muffin:Tulip:369-1","Future",0.80,,,,,
,"DSD:Muffin:Tulip:370-1","Future",0.80,,,,,
,"DSD:Scone",,"",,,,,
,"DSD:Scone:401-1","Cinnamon Bun Scone",1.25,"603812004015",".22","1 / 3.5 oz",,
,"DSD:Scone:401-20","Cinnamon Bun Scone (20/cs)",14.80,"10603812004012","5.2","20 / 3.5 oz",".45",
,"DSD:Scone:403-1","Raspberry Rush Scone",1.25,"603812004039",".22","1 / 3.5 oz",,
,"DSD:Scone:403-20","Raspberry Rush Scone (20/cs)",14.80,"10603812004036","5.2","20 / 3.5 oz",".45",
,"DSD:Scone:403-6","Raspberry Rush Scone (6/case)",7.50,"20603812004033","3","6 / 3.5 oz",".21",
,"DSD:Scone:404-1","Blueberry Brunch Scone",1.25,"603812004046",".22","1 / 3.5 oz",,
,"DSD:Scone:404-20","Blueberry Brunch Scone (20/cs)",14.80,"10603812004043","5.2","20 / 3.5 oz",".45",
,"DSD:Scone:404-6","Blueberry Brunch Scone (6/case)",7.50,"20603812004040","3","6 / 3.5 oz",".21",
,"DSD:Scone:405-1","Future",1.25,,,,,
,"DSD:Scone:406-1","Future",1.25,,,,,
,"DSD:Scone:407-1","Future",1.25,,,,,
,"Fruitcake",,0.00,,,,,
,"Fruitcake:58010-1","Fruitcake Loaf - Haggen",101.05,"603812580106","1.1","1 / 17 oz",,
,"Fruitcake:58010-16","Fruitcake Loaf - Haggen",101.05,"10603812580103","17.5","16 / 17 oz",".91",
,"Fruitcake:58011-1","Fruitcake Loaf - Top Foods",101.05,"603812580113","1.1","1 / 17 oz",,
,"Fruitcake:58011-16","Fruitcake Loaf - Top Foods",101.05,"10603812580110","17.5","16 / 17 oz",".91",
,"Fruitcake:58012-1","Fruitcake Loaf",101.05,"603812580120","1.1","1 / 17 oz",,
,"Fruitcake:58012-16","Fruitcake Loaf",101.05,"10603812580127","17.5","16 / 17 oz",".91",
,"Fruitcake:58012-6","Holiday Fruitcake Loaf (6/cs)",101.05,"20603812580124","6.9","6 / 17 oz",".27",
,"Fruitcake:58020-1","Fruitcake Mini Loaf",101.05,"603812580205",".25","1 / 3 oz",,
,"Fruitcake:58020-12","Fruitcake Mini Loaf",23.28,"20603812580209","3.25","12 / 3 oz",".21",
,"Fruitcake:58020-40","Fruitcake Mini Loaf",101.05,"10603812580202","10.5","40 / 4 oz",".8",
,"Fruitcake:58021-1","Fruitcake Mini Loaf (no label)",101.05,"603812580212",".25","1 / 4 oz",,
,"Fruitcake:58021-12","Fruitcake Mini Loaf (no label)",22.08,"20603812580216","3.25","12 / 3 oz",".21",
,"Fruitcake:58030-1","Fruitcake Wreath",101.05,"603812580304","1.6","1 / 26 oz",,
,"Fruitcake:58030-6","Fruitcake Wreath",101.05,"10603812580301","10.5","6 / 26 oz",".75",
,"Fruitcake:58040-1","Fruitcake Wreath",101.05,"603812580403","1.25","1 / 19 oz",,
,"Fruitcake:58040-6","Fruitcake Wreath",30.66,"10603812580400","8.5","6 / 19 oz",".75",
,"Fruitcake:58041-1","Fruitcake Wreath (no label)",101.05,"603812580410","1.25","1 / 19 oz",,
,"Fruitcake:58041-6","Fruitcake Wreath (no label)",29.76,"10603812580417","8.5","6 / 19 oz",".75",
,"Heart",,0.00,,,,,
,"Heart:5001-1","5"" Heart New York Cheesecake",40.00,"603812050012",".6","1 / 9 oz",,
,"Heart:5001-16","5"" Heart New York Cheesecake",40.00,"20603812050016","9.5","16 / 9 oz",".33",
,"Heart:5001-6","5"" Heart New York Cheesecake, 6/cs",40.00,"10603812050019","4","6 / 9 oz",".16",
,"Heart:5006-6","5"" Heart New York Cheesecake, Retail 6 pack",40.00,"603812050067","4","6 / 9 oz",".16",
,"Heart:5017-1","5"" Heart Chocolate Truffle Cheesecake",40.00,"603812050173",".6","1 / 9 oz",,
,"Heart:5017-6","5"" Heart Chocolate Truffle Cheesecake, 6/cs",40.00,"10603812050173","4","6 / 9 oz",".16",
,"Heart:Bulk",,0.00,,,,,
,"Heart:Bulk:5047-6","5"" Heart Huckleberry Cheesecake, 6/cs",40.00,"10603812050477","4","6 / 9 oz",".16",
,"Heart:Retail",,0.00,,,,,
,"Heart:Retail:5201-1","5"" Heart New York Cheesecake",40.00,"603812052016",,"1 / 9 oz",,
,"Heart:Retail:5201-6","5"" Heart New York Cheesecake (6/cs)",40.00,"10603812052013","4.5","6 / 9 oz",".26",
,"Heart:Retail:5209-1","5"" Heart Very Berry Cheesecake",40.00,"603812052092",,"1 / 9 oz",,
,"Heart:Retail:5209-6","5"" Heart Very Berry Cheesecake (6/cs)",40.00,"10603812052099","4.5","6 / 9 oz",".26",
,"Heart:Retail:5217-1","5"" Heart Chocolate Truffle Cheesecake",40.00,"603812052177",,"1 / 9 oz",,
,"Heart:Retail:5217-6","5"" Heart Chocolate Truffle Cheesecake (6/cs)",40.00,"10603812052174","4.5","6 / 9 oz",".26",
,"Heart:Retail:5221-1","5"" Heart Strawberry Cheesecake",40.00,"603812052214",,"1 / 9 oz",,
,"Heart:Retail:5221-6","5"" Heart Strawberry Cheesecake (6/cs)",40.00,"10603812052211","4.5","6 / 9 oz",".26",
,"Heart:Retail:5222-1","5"" Heart Chocolate Truffle with Raspberry Swirl Cheesecake",40.00,"603812052221",,"1 / 9 oz",,
,"Heart:Retail:5222-6","5"" Heart Chocolate Truffle with Raspberry Swirl Cheesecake (6/cs)",40.00,"10603812052228","4.5","6 / 9 oz",".26",
,"Heart:Retail:5247-1","5"" Heart Huckleberry Cheesecake",40.00,"603812052474",,"1 / 9 oz",,
,"Heart:Retail:5247-6","5"" Heart Huckleberry Cheesecake (6/cs)",40.00,"10603812052471","4.5","6 / 9 oz",".26",
,"Holiday Cookie",,1.25,,,,,
,"I0001","Misc ingredients",0.00,,,,,
,"Other",,0.00,,,,,
,"Other:4102-1","7"" Lemon Bundt Cake",5.95,"603812041027",,"1 / 24 oz",,
,"Other:4102-6","7"" Lemon Bundt Cake (6/cs)",5.95,"10603812041024",,"1 / 24 oz",,
,"Other:4103","7"" Rum Bundt Cake",5.95,"603812041034","1.6","1 / 25 oz",,
,"Other:4312","2 - 1/2 Sheetcakes, Strawberry Margarita Mousse, net wt. 12  Lbs.",36.60,,,,,
,"Other:4801","7"" Strawberry Margarita Mousse, 6/1.5 Lb.",33.00,,,,,
,"Other:9000","Custom:",0.00,,,,,
,"Returned Product",,0.00,,,,,
,"T1000","Test Muffin Raspberry",1.10,,,,,
,"Tiramisu",,0.00,,,,,
,"Tiramisu:24306-1","1/2 Sheetcake, Tiramisu (pre-cut 32 pieces)",27.50,"00603812243063","9.5","1 / 144 oz",".45",
,"Tiramisu:4005","10"" Tiramisu w/ Charlotte ring, 14 servings, unsliced",20.00,"603812040051","2.7","1 / 42 oz",".19",
,"Tiramisu:4009-1","7"" Tiramisu w/ Charlotte ring",8.00,"603812040099","1.5","1 / 23 oz",,
,"Tiramisu:4009-6","7"" Tiramisu w/ Charlotte ring (6/cs)",48.00,"10603812040096","9.7","6 / 23 oz",".75",
,"Tiramisu:4305-1","1/2 Sheetcake, Tiramisu, 2 layer",24.00,"00603812043052","6.5","1 / 95 oz",".45",
,"Tiramisu:4306-1","1/2 Sheetcake, Tiramisu, 3 layer",32.00,"00603812043069","9.5","1 / 144 oz",".45",
,"Tres Leches",,0.00,,,,,
,"Tres Leches:4307-1","Tres Leches Cake, 1/2 Sheet, unsliced",30.00,"00603812043076","6","1 / 98 oz",".75",
,"Tres Leches:4307-2","Tres Leches Cake, 1/2 Sheet, unsliced (2/cs)",48.00,"10603812043073","13.5","2 / 98 oz",".75",
,"Tres Leches:4308-1","Tres Leches Cake, Family Size (8""x8"")",33.00,"603812043083","1.1","1 / 18 oz",,
,"Tres Leches:4308-6","Tres Leches Cake, Family Size (8""x8"") (6/cs)",33.00,"10603812043080","7.75","6 / 18 oz",".75",
,"Tres Leches:4309-1","Tres Leches Cake, 1/2 Sheet, 12 piece pre-cut",35.00,"603812043090","6","1 / 98 oz",".75",
